     shots,    errors,  discards, seconds,decoder,strong_id,json_metadata,custom_counts
      3000,      1201,         0, 144.500,"[[16,14,2]]->[[112,104,2]]_inner",98f91322c21edd8be80b216710d8857f238b6947696a01599d285c31ec53832d,"{""calibration"":""piecewise"",""d"":5,""l1_check_rate"":2,""level"":""inner"",""num_ticks"":7260,""outer_rounds"":11,""p"":0.001,""protocol"":""[[16,14,2]]->[[112,104,2]]"",""t_interval"":12}",
      3000,      1459,         0, 144.500,"[[16,14,2]]->[[112,104,2]]_outer",7bc2627f205a7fab9a3038bb0fe08d290b7511fafbda1fc64dcb54baf658c19b,"{""calibration"":""piecewise"",""d"":5,""l1_check_rate"":2,""level"":""outer"",""num_ticks"":7260,""outer_rounds"":11,""p"":0.001,""protocol"":""[[16,14,2]]->[[112,104,2]]"",""t_interval"":12}",
      3000,      1235,         0,1319.200,"[[16,14,2]]->[[112,104,2]]_inner",c65946de04f944d6dbff8fc4ee928ddb4dca5f62cef4c3c6b27662bc53e80a14,"{""calibration"":""piecewise"",""d"":5,""l1_check_rate"":6,""level"":""inner"",""num_ticks"":7260,""outer_rounds"":11,""p"":0.001,""protocol"":""[[16,14,2]]->[[112,104,2]]"",""t_interval"":12}",
      3000,      1438,         0,1319.200,"[[16,14,2]]->[[112,104,2]]_outer",f224797c13a86775f2b32069573ce923abcd76e2df224b561e7431c7716e42e2,"{""calibration"":""piecewise"",""d"":5,""l1_check_rate"":6,""level"":""outer"",""num_ticks"":7260,""outer_rounds"":11,""p"":0.001,""protocol"":""[[16,14,2]]->[[112,104,2]]"",""t_interval"":12}",
      2000,       956,         0, 115.490,"[[16,14,2]]->[[112,104,2]]_inner",dec62e0abb4d9a11c744ebeeb8cbd44d9077b9bcb0d6208451b4ba36ac6094dd,"{""calibration"":""piecewise"",""d"":5,""l1_check_rate"":2,""level"":""inner"",""num_ticks"":14460,""outer_rounds"":11,""p"":0.001,""protocol"":""[[16,14,2]]->[[112,104,2]]"",""t_interval"":24}",
      2000,      1017,         0, 115.490,"[[16,14,2]]->[[112,104,2]]_outer",a3fc46d386242df7dcc3311adf1d9ea286eddccb11c66ced679bfac831802fbb,"{""calibration"":""piecewise"",""d"":5,""l1_check_rate"":2,""level"":""outer"",""num_ticks"":14460,""outer_rounds"":11,""p"":0.001,""protocol"":""[[16,14,2]]->[[112,104,2]]"",""t_interval"":24}",
      3000,       749,         0,  53.800,"[[16,14,2]]->[[112,104,2]]_inner",b7a386852921827c245d59ef5d3f6dc7c01649f1269c0596a14a0c134c9c9d8b,"{""calibration"":""affine"",""d"":6,""l1_check_rate"":2,""level"":""inner"",""num_ticks"":8712,""outer_rounds"":11,""p"":0.001,""protocol"":""[[16,14,2]]->[[112,104,2]]"",""t_interval"":12}",
      3000,      1095,         0,  53.800,"[[16,14,2]]->[[112,104,2]]_outer",de1eea21eb6f918e12903d150baaa588bc1f471dad67cc3b9b0d5d4fb5ae0e18,"{""calibration"":""affine"",""d"":6,""l1_check_rate"":2,""level"":""outer"",""num_ticks"":8712,""outer_rounds"":11,""p"":0.001,""protocol"":""[[16,14,2]]->[[112,104,2]]"",""t_interval"":12}",
      4000,      1006,         0, 125.300,"[[16,14,2]]->[[112,104,2]]_inner",095c760c2716d5a9b6e675bb7ddba153f3b3e6b31010b8295d67edf5df75aa90,"{""calibration"":""affine"",""d"":6,""l1_check_rate"":4,""level"":""inner"",""num_ticks"":8712,""outer_rounds"":11,""p"":0.001,""protocol"":""[[16,14,2]]->[[112,104,2]]"",""t_interval"":12}",
      4000,      1096,         0, 125.300,"[[16,14,2]]->[[112,104,2]]_outer",996dc2b43890c8d6dc7bc5f11d27e49509b496ab4607f9fcbb628f3037f9c9f1,"{""calibration"":""affine"",""d"":6,""l1_check_rate"":4,""level"":""outer"",""num_ticks"":8712,""outer_rounds"":11,""p"":0.001,""protocol"":""[[16,14,2]]->[[112,104,2]]"",""t_interval"":12}",
      6000,      1520,         0, 265.600,"[[16,14,2]]->[[112,104,2]]_inner",30394afd6d14ef59593c2853eaa7c6a2ad9aaf96c7b909dcf7fc9e4bda856341,"{""calibration"":""affine"",""d"":6,""l1_check_rate"":6,""level"":""inner"",""num_ticks"":8712,""outer_rounds"":11,""p"":0.001,""protocol"":""[[16,14,2]]->[[112,104,2]]"",""t_interval"":12}",
      6000,      1176,         0, 265.600,"[[16,14,2]]->[[112,104,2]]_outer",20487bdc416c5baf31162b8e4e0f4a55f61704f630c20573d65f828e06da37f3,"{""calibration"":""affine"",""d"":6,""l1_check_rate"":6,""level"":""outer"",""num_ticks"":8712,""outer_rounds"":11,""p"":0.001,""protocol"":""[[16,14,2]]->[[112,104,2]]"",""t_interval"":12}",
      2100,       803,         0,  57.290,"[[16,14,2]]->[[112,104,2]]_inner",5d9e18c2314213cc1884faf86905fa60a5717bcabb43029f042a75d11bb7b938,"{""calibration"":""affine"",""d"":6,""l1_check_rate"":2,""level"":""inner"",""num_ticks"":17352,""outer_rounds"":11,""p"":0.001,""protocol"":""[[16,14,2]]->[[112,104,2]]"",""t_interval"":24}",
      2100,      1026,         0,  57.290,"[[16,14,2]]->[[112,104,2]]_outer",cf7cab92731bfae6121a2a1085060d5c4e04865f120570210c0ecb9539be152a,"{""calibration"":""affine"",""d"":6,""l1_check_rate"":2,""level"":""outer"",""num_ticks"":17352,""outer_rounds"":11,""p"":0.001,""protocol"":""[[16,14,2]]->[[112,104,2]]"",""t_interval"":24}",
      2300,       888,         0, 231.750,"[[16,14,2]]->[[112,104,2]]_inner",dd392545b344c6ed0a4c217e1187eb65791281f2f3a348b05bde768978f4a31c,"{""calibration"":""affine"",""d"":6,""l1_check_rate"":4,""level"":""inner"",""num_ticks"":17352,""outer_rounds"":11,""p"":0.001,""protocol"":""[[16,14,2]]->[[112,104,2]]"",""t_interval"":24}",
      2300,      1039,         0, 231.750,"[[16,14,2]]->[[112,104,2]]_outer",23a93c1b99d82e8483c30e3fc678808edc6197fbeb60f25e286cc2252c0d8dba,"{""calibration"":""affine"",""d"":6,""l1_check_rate"":4,""level"":""outer"",""num_ticks"":17352,""outer_rounds"":11,""p"":0.001,""protocol"":""[[16,14,2]]->[[112,104,2]]"",""t_interval"":24}",
      2200,       860,         0, 521.200,"[[16,14,2]]->[[112,104,2]]_inner",e6bf56aea55dca9b2ad7c7b865b790dd70ef2e66b71cb2e1bc94ce02af6b8f74,"{""calibration"":""affine"",""d"":6,""l1_check_rate"":6,""level"":""inner"",""num_ticks"":17352,""outer_rounds"":11,""p"":0.001,""protocol"":""[[16,14,2]]->[[112,104,2]]"",""t_interval"":24}",
      2200,      1020,         0, 521.200,"[[16,14,2]]->[[112,104,2]]_outer",e8d955e657d7c7ba25200a57dbdba95416ae9dd84061aacf21dbf95e9942e15b,"{""calibration"":""affine"",""d"":6,""l1_check_rate"":6,""level"":""outer"",""num_ticks"":17352,""outer_rounds"":11,""p"":0.001,""protocol"":""[[16,14,2]]->[[112,104,2]]"",""t_interval"":24}",
      2300,       857,         0, 794.000,"[[16,14,2]]->[[112,104,2]]_inner",733f64f495783206aca9a3ad7806c88534bdd0825051a848dbfb329de125315a,"{""calibration"":""affine"",""d"":6,""l1_check_rate"":8,""level"":""inner"",""num_ticks"":17352,""outer_rounds"":11,""p"":0.001,""protocol"":""[[16,14,2]]->[[112,104,2]]"",""t_interval"":24}",
      2300,      1022,         0, 794.000,"[[16,14,2]]->[[112,104,2]]_outer",82a640683b8255fe29fe434d7367631efd71aaa8ed62c440cab647900d9a601a,"{""calibration"":""affine"",""d"":6,""l1_check_rate"":8,""level"":""outer"",""num_ticks"":17352,""outer_rounds"":11,""p"":0.001,""protocol"":""[[16,14,2]]->[[112,104,2]]"",""t_interval"":24}",
      2100,      1000,         0, 125.070,"[[16,14,2]]->[[112,104,2]]_inner",04c7feb3eead6245690038682e675f4da5dbe02b1911b91382eba952a4357796,"{""calibration"":""affine"",""d"":6,""l1_check_rate"":2,""level"":""inner"",""num_ticks"":34632,""outer_rounds"":11,""p"":0.001,""protocol"":""[[16,14,2]]->[[112,104,2]]"",""t_interval"":48}",
      2100,      1017,         0, 125.070,"[[16,14,2]]->[[112,104,2]]_outer",4f612b3b9f5fcc5fc1a90c6e0b056211fdfd39a9426caec6925ef55c2ca91a1e,"{""calibration"":""affine"",""d"":6,""l1_check_rate"":2,""level"":""outer"",""num_ticks"":34632,""outer_rounds"":11,""p"":0.001,""protocol"":""[[16,14,2]]->[[112,104,2]]"",""t_interval"":48}",
      2000,       952,         0,2267.800,"[[16,14,2]]->[[112,104,2]]_inner",6a5078e021cb24134b76390a2edbe8236fc0972085e40700411f8effa79c7245,"{""calibration"":""affine"",""d"":6,""l1_check_rate"":4,""level"":""inner"",""num_ticks"":34632,""outer_rounds"":11,""p"":0.001,""protocol"":""[[16,14,2]]->[[112,104,2]]"",""t_interval"":48}",
      2000,      1013,         0,2267.800,"[[16,14,2]]->[[112,104,2]]_outer",3b098a5a47e3c40c71202670bb8d36c065965e924827086af2687c6a38b26840,"{""calibration"":""affine"",""d"":6,""l1_check_rate"":4,""level"":""outer"",""num_ticks"":34632,""outer_rounds"":11,""p"":0.001,""protocol"":""[[16,14,2]]->[[112,104,2]]"",""t_interval"":48}",
      1990,       930,         0,7893.700,"[[16,14,2]]->[[112,104,2]]_inner",18584cca959139b38f2a03af05d9139dd3096949a7803f53c623c49095500376,"{""calibration"":""affine"",""d"":6,""l1_check_rate"":6,""level"":""inner"",""num_ticks"":34632,""outer_rounds"":11,""p"":0.001,""protocol"":""[[16,14,2]]->[[112,104,2]]"",""t_interval"":48}",
      1990,      1005,         0,7893.700,"[[16,14,2]]->[[112,104,2]]_outer",09be989aafc12ab44b4c6eb0c6d776b7f2d012534e0ff586221ed81a9363bd52,"{""calibration"":""affine"",""d"":6,""l1_check_rate"":6,""level"":""outer"",""num_ticks"":34632,""outer_rounds"":11,""p"":0.001,""protocol"":""[[16,14,2]]->[[112,104,2]]"",""t_interval"":48}",
       330,       159,         0,2090.200,"[[16,14,2]]->[[112,104,2]]_inner",e34d36556fbe9a5832cab95cf75ddd1b2e387d33c3292986b44b1dd3bb443287,"{""calibration"":""affine"",""d"":6,""l1_check_rate"":8,""level"":""inner"",""num_ticks"":34632,""outer_rounds"":11,""p"":0.001,""protocol"":""[[16,14,2]]->[[112,104,2]]"",""t_interval"":48}",
       330,       152,         0,2090.200,"[[16,14,2]]->[[112,104,2]]_outer",cf2a6bfbef0abc84e028c79153f679f082c04eeaef3bd9a09b296d76f4dabed6,"{""calibration"":""affine"",""d"":6,""l1_check_rate"":8,""level"":""outer"",""num_ticks"":34632,""outer_rounds"":11,""p"":0.001,""protocol"":""[[16,14,2]]->[[112,104,2]]"",""t_interval"":48}",
     17000,      2037,         0,  90.800,"[[16,14,2]]->[[112,104,2]]_inner",57e853a9dcf2036db12af88e9ec88d64f765ab924ba3494209abbbd102b4b2d2,"{""calibration"":""piecewise"",""d"":7,""l1_check_rate"":2,""level"":""inner"",""num_ticks"":10164,""outer_rounds"":11,""p"":0.001,""protocol"":""[[16,14,2]]->[[112,104,2]]"",""t_interval"":12}",
     17000,      1027,         0,  90.800,"[[16,14,2]]->[[112,104,2]]_outer",6be761ff7d6831f8cdd0b23d8b51e48877cf412a2702ec25d37cc210551b461e,"{""calibration"":""piecewise"",""d"":7,""l1_check_rate"":2,""level"":""outer"",""num_ticks"":10164,""outer_rounds"":11,""p"":0.001,""protocol"":""[[16,14,2]]->[[112,104,2]]"",""t_interval"":12}",
     42000,      5136,         0, 230.770,"[[16,14,2]]->[[112,104,2]]_inner",d2da126ccfd05446eda81c9c234019a1a1f07e3a4a128e40fdaba758e91a6162,"{""calibration"":""piecewise"",""d"":7,""l1_check_rate"":4,""level"":""inner"",""num_ticks"":10164,""outer_rounds"":11,""p"":0.001,""protocol"":""[[16,14,2]]->[[112,104,2]]"",""t_interval"":12}",
     42000,      1003,         0, 230.770,"[[16,14,2]]->[[112,104,2]]_outer",08ff7236925727e9d0cddea8f1943b3ed1c921648cf0d8fe2e02ac8dd3d37f3d,"{""calibration"":""piecewise"",""d"":7,""l1_check_rate"":4,""level"":""outer"",""num_ticks"":10164,""outer_rounds"":11,""p"":0.001,""protocol"":""[[16,14,2]]->[[112,104,2]]"",""t_interval"":12}",
     79000,      9656,         0, 537.620,"[[16,14,2]]->[[112,104,2]]_inner",15b6d2b218e60d6219c4333cba5e94eee8d314bc55e8e70b1b9bab21e98380ba,"{""calibration"":""piecewise"",""d"":7,""l1_check_rate"":6,""level"":""inner"",""num_ticks"":10164,""outer_rounds"":11,""p"":0.001,""protocol"":""[[16,14,2]]->[[112,104,2]]"",""t_interval"":12}",
     79000,      1012,         0, 537.620,"[[16,14,2]]->[[112,104,2]]_outer",098e7fee23ec26c14b7866565e0ca1463f7b0e81f7ee53c4032ce46ca6695217,"{""calibration"":""piecewise"",""d"":7,""l1_check_rate"":6,""level"":""outer"",""num_ticks"":10164,""outer_rounds"":11,""p"":0.001,""protocol"":""[[16,14,2]]->[[112,104,2]]"",""t_interval"":12}",
      3500,       742,         0,  53.600,"[[16,14,2]]->[[112,104,2]]_inner",646e08da88d1b8e769e124d9c6492023d4f5362093b1a78e932b4db3f96ffab6,"{""calibration"":""piecewise"",""d"":7,""l1_check_rate"":2,""level"":""inner"",""num_ticks"":20244,""outer_rounds"":11,""p"":0.001,""protocol"":""[[16,14,2]]->[[112,104,2]]"",""t_interval"":24}",
      3500,      1018,         0,  53.600,"[[16,14,2]]->[[112,104,2]]_outer",86733bd37c5efc05b22d6b0847dc31d7cf4504210311bd67b83e41e3fbad7f94,"{""calibration"":""piecewise"",""d"":7,""l1_check_rate"":2,""level"":""outer"",""num_ticks"":20244,""outer_rounds"":11,""p"":0.001,""protocol"":""[[16,14,2]]->[[112,104,2]]"",""t_interval"":24}",
      5500,      1185,         0, 121.270,"[[16,14,2]]->[[112,104,2]]_inner",834d482432d08ddcf15b05f165fb6711866f42f30e9afa9292190a0f191c1bb7,"{""calibration"":""piecewise"",""d"":7,""l1_check_rate"":4,""level"":""inner"",""num_ticks"":20244,""outer_rounds"":11,""p"":0.001,""protocol"":""[[16,14,2]]->[[112,104,2]]"",""t_interval"":24}",
      5500,      1016,         0, 121.270,"[[16,14,2]]->[[112,104,2]]_outer",e372fc7f2fad3f06e5c6ffaf88475c6d7ee8dcb399a569b3c254ca083d429bcb,"{""calibration"":""piecewise"",""d"":7,""l1_check_rate"":4,""level"":""outer"",""num_ticks"":20244,""outer_rounds"":11,""p"":0.001,""protocol"":""[[16,14,2]]->[[112,104,2]]"",""t_interval"":24}",
      8700,      1817,         0, 252.460,"[[16,14,2]]->[[112,104,2]]_inner",a861015a63c9bb39a664872b75949b46f0258de4ec4bfd8d97338907357514d8,"{""calibration"":""piecewise"",""d"":7,""l1_check_rate"":6,""level"":""inner"",""num_ticks"":20244,""outer_rounds"":11,""p"":0.001,""protocol"":""[[16,14,2]]->[[112,104,2]]"",""t_interval"":24}",
      8700,      1004,         0, 252.460,"[[16,14,2]]->[[112,104,2]]_outer",b4d7c7f6efcb0efe78d7f061b38de608ce8bc92a4a2a8e7950830d077d65c8e4,"{""calibration"":""piecewise"",""d"":7,""l1_check_rate"":6,""level"":""outer"",""num_ticks"":20244,""outer_rounds"":11,""p"":0.001,""protocol"":""[[16,14,2]]->[[112,104,2]]"",""t_interval"":24}",
     12000,      2517,         0, 489.260,"[[16,14,2]]->[[112,104,2]]_inner",5000a76abdea59430d187ef810e94e79851529159c7586555d96e03eeed521a6,"{""calibration"":""piecewise"",""d"":7,""l1_check_rate"":8,""level"":""inner"",""num_ticks"":20244,""outer_rounds"":11,""p"":0.001,""protocol"":""[[16,14,2]]->[[112,104,2]]"",""t_interval"":24}",
     12000,      1006,         0, 489.260,"[[16,14,2]]->[[112,104,2]]_outer",d3ac372df14fc798b4ae66525b73591aafcc6af810ce07ac2c3b0c22fc3b2c04,"{""calibration"":""piecewise"",""d"":7,""l1_check_rate"":8,""level"":""outer"",""num_ticks"":20244,""outer_rounds"":11,""p"":0.001,""protocol"":""[[16,14,2]]->[[112,104,2]]"",""t_interval"":24}",
      2200,       743,         0,  88.760,"[[16,14,2]]->[[112,104,2]]_inner",d423ad92ee3b69f00773cafb5f2b7056b778769f3655673cbbf3cfcef71f11f1,"{""calibration"":""piecewise"",""d"":7,""l1_check_rate"":2,""level"":""inner"",""num_ticks"":40404,""outer_rounds"":11,""p"":0.001,""protocol"":""[[16,14,2]]->[[112,104,2]]"",""t_interval"":48}",
      2200,      1043,         0,  88.760,"[[16,14,2]]->[[112,104,2]]_outer",8e62119ad82b974d108d4c31c317646078d4fab8574583a9dfad2b0c9c6d1735,"{""calibration"":""piecewise"",""d"":7,""l1_check_rate"":2,""level"":""outer"",""num_ticks"":40404,""outer_rounds"":11,""p"":0.001,""protocol"":""[[16,14,2]]->[[112,104,2]]"",""t_interval"":48}",
      2300,       760,         0, 239.180,"[[16,14,2]]->[[112,104,2]]_inner",972b937d53c0b4e5596159f35550f552f2d02e2226faf6e835fe2ac907d8afc0,"{""calibration"":""piecewise"",""d"":7,""l1_check_rate"":4,""level"":""inner"",""num_ticks"":40404,""outer_rounds"":11,""p"":0.001,""protocol"":""[[16,14,2]]->[[112,104,2]]"",""t_interval"":48}",
      2300,      1038,         0, 239.180,"[[16,14,2]]->[[112,104,2]]_outer",863293423ee79c2996418c4470bde3436cea27ce0aad045550f4b615ccc2d5d1,"{""calibration"":""piecewise"",""d"":7,""l1_check_rate"":4,""level"":""outer"",""num_ticks"":40404,""outer_rounds"":11,""p"":0.001,""protocol"":""[[16,14,2]]->[[112,104,2]]"",""t_interval"":48}",
      2500,       857,         0, 378.469,"[[16,14,2]]->[[112,104,2]]_inner",9d132d33954adfa77e6e6ca5c01fc89441a94c3331d5a33056b956991975ef44,"{""calibration"":""piecewise"",""d"":7,""l1_check_rate"":6,""level"":""inner"",""num_ticks"":40404,""outer_rounds"":11,""p"":0.001,""protocol"":""[[16,14,2]]->[[112,104,2]]"",""t_interval"":48}",
      2500,      1001,         0, 378.469,"[[16,14,2]]->[[112,104,2]]_outer",3c9d1205ce6df5df68faca59d90530011e2d8503376017bc83ecab1ca9aa37ba,"{""calibration"":""piecewise"",""d"":7,""l1_check_rate"":6,""level"":""outer"",""num_ticks"":40404,""outer_rounds"":11,""p"":0.001,""protocol"":""[[16,14,2]]->[[112,104,2]]"",""t_interval"":48}",
      2580,       901,         0, 490.061,"[[16,14,2]]->[[112,104,2]]_inner",aba5454ccfd0793ec34b35f412b7ece6e088e7f096a4bf667417317f3e3c218d,"{""calibration"":""piecewise"",""d"":7,""l1_check_rate"":8,""level"":""inner"",""num_ticks"":40404,""outer_rounds"":11,""p"":0.001,""protocol"":""[[16,14,2]]->[[112,104,2]]"",""t_interval"":48}",
      2580,      1001,         0, 490.061,"[[16,14,2]]->[[112,104,2]]_outer",2222e6f219b13f861716f679632d07263b14d21c0b261573de5388cb1e3cc6c9,"{""calibration"":""piecewise"",""d"":7,""l1_check_rate"":8,""level"":""outer"",""num_ticks"":40404,""outer_rounds"":11,""p"":0.001,""protocol"":""[[16,14,2]]->[[112,104,2]]"",""t_interval"":48}",
    361000,     19058,         0,1308.330,"[[16,14,2]]->[[112,104,2]]_inner",443ce9171af5f3fe30e025c66db0689bacf46f6334a540b3f02a75c9508c4724,"{""calibration"":""affine"",""d"":8,""l1_check_rate"":2,""level"":""inner"",""num_ticks"":11616,""outer_rounds"":11,""p"":0.001,""protocol"":""[[16,14,2]]->[[112,104,2]]"",""t_interval"":12}",
    361000,      1000,         0,1308.330,"[[16,14,2]]->[[112,104,2]]_outer",f80e67c45d0d3e32c8a9e5150e867e0e32b93aebc8f7f30243fb32caa494325a,"{""calibration"":""affine"",""d"":8,""l1_check_rate"":2,""level"":""outer"",""num_ticks"":11616,""outer_rounds"":11,""p"":0.001,""protocol"":""[[16,14,2]]->[[112,104,2]]"",""t_interval"":12}",
   1089000,     57217,         0,4160.840,"[[16,14,2]]->[[112,104,2]]_inner",d756cd739959659cc35fec9c74b401ccf8ec50fd68f8bb35baf7b8ca75f8fca8,"{""calibration"":""affine"",""d"":8,""l1_check_rate"":4,""level"":""inner"",""num_ticks"":11616,""outer_rounds"":11,""p"":0.001,""protocol"":""[[16,14,2]]->[[112,104,2]]"",""t_interval"":12}",
   1089000,      1000,         0,4160.840,"[[16,14,2]]->[[112,104,2]]_outer",cc88577fe910bf791abd032f3fc208de21ac191179316162e5762524cee52236,"{""calibration"":""affine"",""d"":8,""l1_check_rate"":4,""level"":""outer"",""num_ticks"":11616,""outer_rounds"":11,""p"":0.001,""protocol"":""[[16,14,2]]->[[112,104,2]]"",""t_interval"":12}",
   2456000,    129965,         0,9668.940,"[[16,14,2]]->[[112,104,2]]_inner",4c143df11d8a1d41ac5b7087f93eae90705e5132c80222178c5ff4332fa25972,"{""calibration"":""affine"",""d"":8,""l1_check_rate"":6,""level"":""inner"",""num_ticks"":11616,""outer_rounds"":11,""p"":0.001,""protocol"":""[[16,14,2]]->[[112,104,2]]"",""t_interval"":12}",
   2456000,      1000,         0,9668.940,"[[16,14,2]]->[[112,104,2]]_outer",343c95e8675ea55d0cc29e1072d439debb017db4e5cb770e30c81910e86474af,"{""calibration"":""affine"",""d"":8,""l1_check_rate"":6,""level"":""outer"",""num_ticks"":11616,""outer_rounds"":11,""p"":0.001,""protocol"":""[[16,14,2]]->[[112,104,2]]"",""t_interval"":12}",
     35600,      3517,         0, 290.331,"[[16,14,2]]->[[112,104,2]]_inner",4c101208ae3c144a1a02e8dcf210f5284254b116d0100dd6f4480557e862133a,"{""calibration"":""affine"",""d"":8,""l1_check_rate"":2,""level"":""inner"",""num_ticks"":23136,""outer_rounds"":11,""p"":0.001,""protocol"":""[[16,14,2]]->[[112,104,2]]"",""t_interval"":24}",
     35600,      1002,         0, 290.331,"[[16,14,2]]->[[112,104,2]]_outer",9d4dbbee92ef9c49267b8bb3ad48e181a00f3fc855bcc51960225c6952babf1e,"{""calibration"":""affine"",""d"":8,""l1_check_rate"":2,""level"":""outer"",""num_ticks"":23136,""outer_rounds"":11,""p"":0.001,""protocol"":""[[16,14,2]]->[[112,104,2]]"",""t_interval"":24}",
     91900,      8975,         0, 797.883,"[[16,14,2]]->[[112,104,2]]_inner",97ef646bf8962bbaf9b256f329f78a73bc695c163698311569c3746e7dfd1d91,"{""calibration"":""affine"",""d"":8,""l1_check_rate"":4,""level"":""inner"",""num_ticks"":23136,""outer_rounds"":11,""p"":0.001,""protocol"":""[[16,14,2]]->[[112,104,2]]"",""t_interval"":24}",
     91900,      1000,         0, 797.883,"[[16,14,2]]->[[112,104,2]]_outer",71e023c1a472b86bbaba99ad3c990da2afb748ead74fc78afa29d6f8114121d8,"{""calibration"":""affine"",""d"":8,""l1_check_rate"":4,""level"":""outer"",""num_ticks"":23136,""outer_rounds"":11,""p"":0.001,""protocol"":""[[16,14,2]]->[[112,104,2]]"",""t_interval"":24}",
    175500,     17531,         0,1951.648,"[[16,14,2]]->[[112,104,2]]_inner",a872334a9199e69bec1931cc5d9f868a40bd617d6bf9986479f6038d7e3f4dea,"{""calibration"":""affine"",""d"":8,""l1_check_rate"":6,""level"":""inner"",""num_ticks"":23136,""outer_rounds"":11,""p"":0.001,""protocol"":""[[16,14,2]]->[[112,104,2]]"",""t_interval"":24}",
    175500,      1000,         0,1951.648,"[[16,14,2]]->[[112,104,2]]_outer",bac2c2ad245ac6cb51f7fae324bb584c2dc454b04b9589e0a38ec3b695bc917d,"{""calibration"":""affine"",""d"":8,""l1_check_rate"":6,""level"":""outer"",""num_ticks"":23136,""outer_rounds"":11,""p"":0.001,""protocol"":""[[16,14,2]]->[[112,104,2]]"",""t_interval"":24}",
    294300,     29291,         0,2852.845,"[[16,14,2]]->[[112,104,2]]_inner",4d340df52a3d64e3096e7f6ff76120390106462693b0f5af4a8ee73486e80361,"{""calibration"":""affine"",""d"":8,""l1_check_rate"":8,""level"":""inner"",""num_ticks"":23136,""outer_rounds"":11,""p"":0.001,""protocol"":""[[16,14,2]]->[[112,104,2]]"",""t_interval"":24}",
    294300,      1000,         0,2852.845,"[[16,14,2]]->[[112,104,2]]_outer",0434ffa56b2614b8d63a4151d83e5eb2be9f04644ca2466d9b193cbc62bf5989,"{""calibration"":""affine"",""d"":8,""l1_check_rate"":8,""level"":""outer"",""num_ticks"":23136,""outer_rounds"":11,""p"":0.001,""protocol"":""[[16,14,2]]->[[112,104,2]]"",""t_interval"":24}",
      5300,       929,         0,  86.980,"[[16,14,2]]->[[112,104,2]]_inner",b29eea4f56bc67b299ca7ae0e8de560cd5803c4d306c22486ac7bd8009a4dc2d,"{""calibration"":""affine"",""d"":8,""l1_check_rate"":2,""level"":""inner"",""num_ticks"":46176,""outer_rounds"":11,""p"":0.001,""protocol"":""[[16,14,2]]->[[112,104,2]]"",""t_interval"":48}",
      5300,      1002,         0,  86.980,"[[16,14,2]]->[[112,104,2]]_outer",dc32b683ce29778de1aefef05cbc42965832dc0afdbc7a98cf68e73e30ae75ed,"{""calibration"":""affine"",""d"":8,""l1_check_rate"":2,""level"":""outer"",""num_ticks"":46176,""outer_rounds"":11,""p"":0.001,""protocol"":""[[16,14,2]]->[[112,104,2]]"",""t_interval"":48}",
     10600,      1863,         0, 221.950,"[[16,14,2]]->[[112,104,2]]_inner",cf7386b937c5d8b258b2dce6bad937f5742a0f43f833c501238b2c640700f0d4,"{""calibration"":""affine"",""d"":8,""l1_check_rate"":4,""level"":""inner"",""num_ticks"":46176,""outer_rounds"":11,""p"":0.001,""protocol"":""[[16,14,2]]->[[112,104,2]]"",""t_interval"":48}",
     10600,      1000,         0, 221.950,"[[16,14,2]]->[[112,104,2]]_outer",bb9d79d13d0faa0019c755698e3e09ef012039aed29d89d7a23c81a433630a79,"{""calibration"":""affine"",""d"":8,""l1_check_rate"":4,""level"":""outer"",""num_ticks"":46176,""outer_rounds"":11,""p"":0.001,""protocol"":""[[16,14,2]]->[[112,104,2]]"",""t_interval"":48}",
     16210,      2847,         0, 398.949,"[[16,14,2]]->[[112,104,2]]_inner",369c10244c46160d85aac1aed12206f668f0492f8b0120da2621ddac1b8b2eb6,"{""calibration"":""affine"",""d"":8,""l1_check_rate"":6,""level"":""inner"",""num_ticks"":46176,""outer_rounds"":11,""p"":0.001,""protocol"":""[[16,14,2]]->[[112,104,2]]"",""t_interval"":48}",
     16210,      1000,         0, 398.949,"[[16,14,2]]->[[112,104,2]]_outer",db3410ebbca4d29a23c763d5469ec4c0dcbe91b75dd4cbd9d36c6ce484419dca,"{""calibration"":""affine"",""d"":8,""l1_check_rate"":6,""level"":""outer"",""num_ticks"":46176,""outer_rounds"":11,""p"":0.001,""protocol"":""[[16,14,2]]->[[112,104,2]]"",""t_interval"":48}",
     24410,      4331,         0, 653.609,"[[16,14,2]]->[[112,104,2]]_inner",751f1d0bf7646207cfb72d3b69146320b814dc050ae8c45c45fbd30df30e3842,"{""calibration"":""affine"",""d"":8,""l1_check_rate"":8,""level"":""inner"",""num_ticks"":46176,""outer_rounds"":11,""p"":0.001,""protocol"":""[[16,14,2]]->[[112,104,2]]"",""t_interval"":48}",
     24410,      1001,         0, 653.609,"[[16,14,2]]->[[112,104,2]]_outer",3d49f4ce7d577f4731a2053f00dc22f5aad091d762578794bb5ef4b00f1bf587,"{""calibration"":""affine"",""d"":8,""l1_check_rate"":8,""level"":""outer"",""num_ticks"":46176,""outer_rounds"":11,""p"":0.001,""protocol"":""[[16,14,2]]->[[112,104,2]]"",""t_interval"":48}",
   4036000,     87560,         0,14393.350,"[[16,14,2]]->[[112,104,2]]_inner",4095bd29ce5db46e132d227fcc7d99b5bed06277707c5bb0f503b3cba89edea7,"{""calibration"":""affine"",""d"":9,""l1_check_rate"":2,""level"":""inner"",""num_ticks"":13068,""outer_rounds"":11,""p"":0.001,""protocol"":""[[16,14,2]]->[[112,104,2]]"",""t_interval"":12}",
   4036000,       400,         0,14393.350,"[[16,14,2]]->[[112,104,2]]_outer",302e6dced5917ecf968271fa2802769176ff53d2be39c7a57ec74b7a03b0d3d5,"{""calibration"":""affine"",""d"":9,""l1_check_rate"":2,""level"":""outer"",""num_ticks"":13068,""outer_rounds"":11,""p"":0.001,""protocol"":""[[16,14,2]]->[[112,104,2]]"",""t_interval"":12}",
  12171000,    263993,         0,38505.180,"[[16,14,2]]->[[112,104,2]]_inner",be316e3c46fa0262bb4f356b620e0c63f037639007b518a11736cbce88e3007b,"{""calibration"":""affine"",""d"":9,""l1_check_rate"":4,""level"":""inner"",""num_ticks"":13068,""outer_rounds"":11,""p"":0.001,""protocol"":""[[16,14,2]]->[[112,104,2]]"",""t_interval"":12}",
  12171000,       346,         0,38505.180,"[[16,14,2]]->[[112,104,2]]_outer",208e4bb3c30c291025fb8cbe9ec82914b43da38711527444cbcba7500519abe9,"{""calibration"":""affine"",""d"":9,""l1_check_rate"":4,""level"":""outer"",""num_ticks"":13068,""outer_rounds"":11,""p"":0.001,""protocol"":""[[16,14,2]]->[[112,104,2]]"",""t_interval"":12}",
  26308000,    568098,         0,102103.810,"[[16,14,2]]->[[112,104,2]]_inner",cc8d1e487f33b30f966d17171d1c6382985d09764ce586b47c380f042a7ab672,"{""calibration"":""affine"",""d"":9,""l1_check_rate"":6,""level"":""inner"",""num_ticks"":13068,""outer_rounds"":11,""p"":0.001,""protocol"":""[[16,14,2]]->[[112,104,2]]"",""t_interval"":12}",
  26308000,       400,         0,102103.810,"[[16,14,2]]->[[112,104,2]]_outer",76c0a30761cf6ff3bcc8216af40c253fc5b64e1c1d61513164a2a2ccec70ff51,"{""calibration"":""affine"",""d"":9,""l1_check_rate"":6,""level"":""outer"",""num_ticks"":13068,""outer_rounds"":11,""p"":0.001,""protocol"":""[[16,14,2]]->[[112,104,2]]"",""t_interval"":12}",
    328700,     13982,         0,1985.764,"[[16,14,2]]->[[112,104,2]]_inner",6c5ca7e3d643806c7fb1dd6f0fbbf69b9b1fb50027b727cdaeeaf11dc5da6aff,"{""calibration"":""affine"",""d"":9,""l1_check_rate"":2,""level"":""inner"",""num_ticks"":26028,""outer_rounds"":11,""p"":0.001,""protocol"":""[[16,14,2]]->[[112,104,2]]"",""t_interval"":24}",
    328700,       400,         0,1985.764,"[[16,14,2]]->[[112,104,2]]_outer",eaca0a693c2aef09d9465416beb5ed7a5a917145e9d0d9d2b9123357d613eb4a,"{""calibration"":""affine"",""d"":9,""l1_check_rate"":2,""level"":""outer"",""num_ticks"":26028,""outer_rounds"":11,""p"":0.001,""protocol"":""[[16,14,2]]->[[112,104,2]]"",""t_interval"":24}",
    897900,     38046,         0,7187.450,"[[16,14,2]]->[[112,104,2]]_inner",8e05163547e74b5b0a1cafa2c86f442fe8170282ddb2af676debbbae65383681,"{""calibration"":""affine"",""d"":9,""l1_check_rate"":4,""level"":""inner"",""num_ticks"":26028,""outer_rounds"":11,""p"":0.001,""protocol"":""[[16,14,2]]->[[112,104,2]]"",""t_interval"":24}",
    897900,       400,         0,7187.450,"[[16,14,2]]->[[112,104,2]]_outer",5922bcee1e7afbd26f38d524c2189116541e8b144a05dcc5d35ba6ec9f3f07e4,"{""calibration"":""affine"",""d"":9,""l1_check_rate"":4,""level"":""outer"",""num_ticks"":26028,""outer_rounds"":11,""p"":0.001,""protocol"":""[[16,14,2]]->[[112,104,2]]"",""t_interval"":24}",
   2194600,     92518,         0,15564.784,"[[16,14,2]]->[[112,104,2]]_inner",7c57adeccb10b2cdcf1055c8b59d19cc4c58f94c2db728f316c96ba9104a0fe9,"{""calibration"":""affine"",""d"":9,""l1_check_rate"":6,""level"":""inner"",""num_ticks"":26028,""outer_rounds"":11,""p"":0.001,""protocol"":""[[16,14,2]]->[[112,104,2]]"",""t_interval"":24}",
   2194600,       400,         0,15564.784,"[[16,14,2]]->[[112,104,2]]_outer",304cbeca5fb58de14fbad7be3b778aa96b506c65f3f6ebeefdb7352aed9674bf,"{""calibration"":""affine"",""d"":9,""l1_check_rate"":6,""level"":""outer"",""num_ticks"":26028,""outer_rounds"":11,""p"":0.001,""protocol"":""[[16,14,2]]->[[112,104,2]]"",""t_interval"":24}",
   3567100,    150253,         0,25553.525,"[[16,14,2]]->[[112,104,2]]_inner",71b352bd2d121d5fc9fb8d53fd9c2071d249bd20acdaf7f274d236d69d4f1c6e,"{""calibration"":""affine"",""d"":9,""l1_check_rate"":8,""level"":""inner"",""num_ticks"":26028,""outer_rounds"":11,""p"":0.001,""protocol"":""[[16,14,2]]->[[112,104,2]]"",""t_interval"":24}",
   3567100,       400,         0,25553.525,"[[16,14,2]]->[[112,104,2]]_outer",9de9174857f106630589015440c601e12fd25f8e34e0457c5dbb458047ca1da2,"{""calibration"":""affine"",""d"":9,""l1_check_rate"":8,""level"":""outer"",""num_ticks"":26028,""outer_rounds"":11,""p"":0.001,""protocol"":""[[16,14,2]]->[[112,104,2]]"",""t_interval"":24}",
     29100,      2357,         0, 414.464,"[[16,14,2]]->[[112,104,2]]_inner",0e55fe635dacf1e8af1461aa92b71609559d353d12ab1b660876da0ee92559e9,"{""calibration"":""affine"",""d"":9,""l1_check_rate"":2,""level"":""inner"",""num_ticks"":51948,""outer_rounds"":11,""p"":0.001,""protocol"":""[[16,14,2]]->[[112,104,2]]"",""t_interval"":48}",
     29100,       401,         0, 414.464,"[[16,14,2]]->[[112,104,2]]_outer",3072bcf8b6f1508d948230404caff8fe0c00f2f2d3442aebd0dfaf51cb7272d7,"{""calibration"":""affine"",""d"":9,""l1_check_rate"":2,""level"":""outer"",""num_ticks"":51948,""outer_rounds"":11,""p"":0.001,""protocol"":""[[16,14,2]]->[[112,104,2]]"",""t_interval"":48}",
     80600,      6457,         0,1303.267,"[[16,14,2]]->[[112,104,2]]_inner",2d697088f8b285bfff7d633026bcab5598cede3f27c638c63e936bbdc0ddcd36,"{""calibration"":""affine"",""d"":9,""l1_check_rate"":4,""level"":""inner"",""num_ticks"":51948,""outer_rounds"":11,""p"":0.001,""protocol"":""[[16,14,2]]->[[112,104,2]]"",""t_interval"":48}",
     80600,       400,         0,1303.267,"[[16,14,2]]->[[112,104,2]]_outer",edf15acd592bf5f14eddf49292d8a3617933217629fe3dd4a38f68aaffc3b133,"{""calibration"":""affine"",""d"":9,""l1_check_rate"":4,""level"":""outer"",""num_ticks"":51948,""outer_rounds"":11,""p"":0.001,""protocol"":""[[16,14,2]]->[[112,104,2]]"",""t_interval"":48}",
    164800,     13451,         0,2144.790,"[[16,14,2]]->[[112,104,2]]_inner",df3583fde2711473e2b5334eeab82c535a21bb58a08d7f64823a1726d06a54d9,"{""calibration"":""affine"",""d"":9,""l1_check_rate"":6,""level"":""inner"",""num_ticks"":51948,""outer_rounds"":11,""p"":0.001,""protocol"":""[[16,14,2]]->[[112,104,2]]"",""t_interval"":48}",
    164800,       400,         0,2144.790,"[[16,14,2]]->[[112,104,2]]_outer",77011cd62b5e839c54159ad365c18fce5f32c45e362bbb8ba662d3adec1369f3,"{""calibration"":""affine"",""d"":9,""l1_check_rate"":6,""level"":""outer"",""num_ticks"":51948,""outer_rounds"":11,""p"":0.001,""protocol"":""[[16,14,2]]->[[112,104,2]]"",""t_interval"":48}",
    241450,     19393,         0,3838.168,"[[16,14,2]]->[[112,104,2]]_inner",bb54763dd21390dcc106732ef2264b0da0ebf169012f435ddaa1a39912bcf5d3,"{""calibration"":""affine"",""d"":9,""l1_check_rate"":8,""level"":""inner"",""num_ticks"":51948,""outer_rounds"":11,""p"":0.001,""protocol"":""[[16,14,2]]->[[112,104,2]]"",""t_interval"":48}",
    241450,       400,         0,3838.168,"[[16,14,2]]->[[112,104,2]]_outer",4a0845b694afc14b549b4b2b812ad97185265c519a93520cea7066cf8b6c1d7e,"{""calibration"":""affine"",""d"":9,""l1_check_rate"":8,""level"":""outer"",""num_ticks"":51948,""outer_rounds"":11,""p"":0.001,""protocol"":""[[16,14,2]]->[[112,104,2]]"",""t_interval"":48}",
  41073000,    337077,         0,121350.710,"[[16,14,2]]->[[112,104,2]]_inner",4d5f45cad407be525a981d20e3b50deaa4a91a77e1c1718562d4e36744c5ea36,"{""calibration"":""affine"",""d"":10,""l1_check_rate"":2,""level"":""inner"",""num_ticks"":14520,""outer_rounds"":11,""p"":0.001,""protocol"":""[[16,14,2]]->[[112,104,2]]"",""t_interval"":12}",
  41073000,       117,         0,121350.710,"[[16,14,2]]->[[112,104,2]]_outer",7bcf1eff46efb22e1118ce2d613dd48e62fd773b18f5dca110b082991b6e422e,"{""calibration"":""affine"",""d"":10,""l1_check_rate"":2,""level"":""outer"",""num_ticks"":14520,""outer_rounds"":11,""p"":0.001,""protocol"":""[[16,14,2]]->[[112,104,2]]"",""t_interval"":12}",
  42992000,    352880,         0,135920.040,"[[16,14,2]]->[[112,104,2]]_inner",121dcd628f3376b4404fddeb5d3406e58e301c53d989ade64d6dab99d0cfa103,"{""calibration"":""affine"",""d"":10,""l1_check_rate"":4,""level"":""inner"",""num_ticks"":14520,""outer_rounds"":11,""p"":0.001,""protocol"":""[[16,14,2]]->[[112,104,2]]"",""t_interval"":12}",
  42992000,        28,         0,135920.040,"[[16,14,2]]->[[112,104,2]]_outer",0c2ff2c5b5d73f59930a963b16308bc1cc42884196b6a94863000df0eefb0f13,"{""calibration"":""affine"",""d"":10,""l1_check_rate"":4,""level"":""outer"",""num_ticks"":14520,""outer_rounds"":11,""p"":0.001,""protocol"":""[[16,14,2]]->[[112,104,2]]"",""t_interval"":12}",
  34207000,    280137,         0,133859.310,"[[16,14,2]]->[[112,104,2]]_inner",2341b03d4bbae82ec8f4c42111931701b6edeecd05905e174897381cf452dffa,"{""calibration"":""affine"",""d"":10,""l1_check_rate"":6,""level"":""inner"",""num_ticks"":14520,""outer_rounds"":11,""p"":0.001,""protocol"":""[[16,14,2]]->[[112,104,2]]"",""t_interval"":12}",
  34207000,        12,         0,133859.310,"[[16,14,2]]->[[112,104,2]]_outer",7eb65f6bf857bafd54e7d38fc4ac773a450a0049a3fbb09fedbe8f5e361c76d2,"{""calibration"":""affine"",""d"":10,""l1_check_rate"":6,""level"":""outer"",""num_ticks"":14520,""outer_rounds"":11,""p"":0.001,""protocol"":""[[16,14,2]]->[[112,104,2]]"",""t_interval"":12}",
   3150400,     51580,         0,21709.568,"[[16,14,2]]->[[112,104,2]]_inner",5b274974bd67af915e92569b5fcc166fbab22b0baf036509cc0bb4a1dfc38c1f,"{""calibration"":""affine"",""d"":10,""l1_check_rate"":2,""level"":""inner"",""num_ticks"":28920,""outer_rounds"":11,""p"":0.001,""protocol"":""[[16,14,2]]->[[112,104,2]]"",""t_interval"":24}",
   3150400,       115,         0,21709.568,"[[16,14,2]]->[[112,104,2]]_outer",72f58c2b0ee77f3e6b830693dcaa7c3d11ef2db959eac41056ca5b1e71fc3f09,"{""calibration"":""affine"",""d"":10,""l1_check_rate"":2,""level"":""outer"",""num_ticks"":28920,""outer_rounds"":11,""p"":0.001,""protocol"":""[[16,14,2]]->[[112,104,2]]"",""t_interval"":24}",
   5658500,     91996,         0,38667.736,"[[16,14,2]]->[[112,104,2]]_inner",8429dbae8fc2b8d330fac41ef3f27b6b33c9a61b5107cf0e1c747d4f62182b95,"{""calibration"":""affine"",""d"":10,""l1_check_rate"":4,""level"":""inner"",""num_ticks"":28920,""outer_rounds"":11,""p"":0.001,""protocol"":""[[16,14,2]]->[[112,104,2]]"",""t_interval"":24}",
   5658500,        61,         0,38667.736,"[[16,14,2]]->[[112,104,2]]_outer",9b41b4907ce4aaa0f8e4f92665d3ee080c2bffe21c4dc565a4c158304b3a3393,"{""calibration"":""affine"",""d"":10,""l1_check_rate"":4,""level"":""outer"",""num_ticks"":28920,""outer_rounds"":11,""p"":0.001,""protocol"":""[[16,14,2]]->[[112,104,2]]"",""t_interval"":24}",
  36510200,    592311,         0,256502.728,"[[16,14,2]]->[[112,104,2]]_inner",f5bd0f001053acef7fa11962ee9cff06d4187e4a01d59e7261e9bc47b323dfaf,"{""calibration"":""affine"",""d"":10,""l1_check_rate"":6,""level"":""inner"",""num_ticks"":28920,""outer_rounds"":11,""p"":0.001,""protocol"":""[[16,14,2]]->[[112,104,2]]"",""t_interval"":24}",
  36510200,       200,         0,256502.728,"[[16,14,2]]->[[112,104,2]]_outer",985aab2025d423f69558e5bcb64404cf9b34f41ea0985f1b706e85a532236735,"{""calibration"":""affine"",""d"":10,""l1_check_rate"":6,""level"":""outer"",""num_ticks"":28920,""outer_rounds"":11,""p"":0.001,""protocol"":""[[16,14,2]]->[[112,104,2]]"",""t_interval"":24}",
  66097100,   1071331,         0,552246.565,"[[16,14,2]]->[[112,104,2]]_inner",66f9ba0e13068ffdb39716592c4056693953b6303730c265f94588fed8ca4169,"{""calibration"":""affine"",""d"":10,""l1_check_rate"":8,""level"":""inner"",""num_ticks"":28920,""outer_rounds"":11,""p"":0.001,""protocol"":""[[16,14,2]]->[[112,104,2]]"",""t_interval"":24}",
  66097100,       200,         0,552246.565,"[[16,14,2]]->[[112,104,2]]_outer",260641bc47b638ac0615eb160ef04f78d4d62446d94d9adb0abf874ffb96b461,"{""calibration"":""affine"",""d"":10,""l1_check_rate"":8,""level"":""outer"",""num_ticks"":28920,""outer_rounds"":11,""p"":0.001,""protocol"":""[[16,14,2]]->[[112,104,2]]"",""t_interval"":24}",
    803200,     25454,         0,12353.867,"[[16,14,2]]->[[112,104,2]]_inner",1bf4df98924623b63ee112bb6e71df8587e2f32e73a79a395d17521e0a058d78,"{""calibration"":""affine"",""d"":10,""l1_check_rate"":2,""level"":""inner"",""num_ticks"":57720,""outer_rounds"":11,""p"":0.001,""protocol"":""[[16,14,2]]->[[112,104,2]]"",""t_interval"":48}",
    803200,       400,         0,12353.867,"[[16,14,2]]->[[112,104,2]]_outer",c8fb157366e65ea3361427d0089df414744762e5f036f8ac502c52de3128166c,"{""calibration"":""affine"",""d"":10,""l1_check_rate"":2,""level"":""outer"",""num_ticks"":57720,""outer_rounds"":11,""p"":0.001,""protocol"":""[[16,14,2]]->[[112,104,2]]"",""t_interval"":48}",
   1237900,     39439,         0,18219.170,"[[16,14,2]]->[[112,104,2]]_inner",af700c07a390eedb8217228dc4ad95a427cf10005dd8428306cd865a03323024,"{""calibration"":""affine"",""d"":10,""l1_check_rate"":4,""level"":""inner"",""num_ticks"":57720,""outer_rounds"":11,""p"":0.001,""protocol"":""[[16,14,2]]->[[112,104,2]]"",""t_interval"":48}",
   1237900,       200,         0,18219.170,"[[16,14,2]]->[[112,104,2]]_outer",8c4ec441268cdc6b7b023e256da4da4f99054f1643b09b94cee6e3cb132bcabd,"{""calibration"":""affine"",""d"":10,""l1_check_rate"":4,""level"":""outer"",""num_ticks"":57720,""outer_rounds"":11,""p"":0.001,""protocol"":""[[16,14,2]]->[[112,104,2]]"",""t_interval"":48}",
   2394220,     76486,         0,29639.534,"[[16,14,2]]->[[112,104,2]]_inner",baa815b2d71bfea18ad59fdb51e8959577bd69f428d4f9558d686c60d9ac0350,"{""calibration"":""affine"",""d"":10,""l1_check_rate"":6,""level"":""inner"",""num_ticks"":57720,""outer_rounds"":11,""p"":0.001,""protocol"":""[[16,14,2]]->[[112,104,2]]"",""t_interval"":48}",
   2394220,       200,         0,29639.534,"[[16,14,2]]->[[112,104,2]]_outer",ef39e56e2444c632df846e54ae6515647129cc696391e9bbbfa302735fa7714c,"{""calibration"":""affine"",""d"":10,""l1_check_rate"":6,""level"":""outer"",""num_ticks"":57720,""outer_rounds"":11,""p"":0.001,""protocol"":""[[16,14,2]]->[[112,104,2]]"",""t_interval"":48}",
   2704730,     86283,         0,34137.122,"[[16,14,2]]->[[112,104,2]]_inner",db46227bc38a9d80e25ff04d2e1f0ce45deef8960e2e81114f45b9ca13a67f7b,"{""calibration"":""affine"",""d"":10,""l1_check_rate"":8,""level"":""inner"",""num_ticks"":57720,""outer_rounds"":11,""p"":0.001,""protocol"":""[[16,14,2]]->[[112,104,2]]"",""t_interval"":48}",
   2704730,       115,         0,34137.122,"[[16,14,2]]->[[112,104,2]]_outer",2f51accbfe0c0e37d16714b8578d6a2b68a06e53f36396078d4e476a5fb6fe85,"{""calibration"":""affine"",""d"":10,""l1_check_rate"":8,""level"":""outer"",""num_ticks"":57720,""outer_rounds"":11,""p"":0.001,""protocol"":""[[16,14,2]]->[[112,104,2]]"",""t_interval"":48}",
 253200000,    787411,         0,292144.657,"[[16,14,2]]->[[112,104,2]]_inner",e9f0341c16bde529411d332f1ef53bd67e616172693167b5705ceea8d213e5c7,"{""calibration"":""piecewise"",""d"":11,""l1_check_rate"":2,""level"":""inner"",""num_ticks"":15972,""outer_rounds"":11,""p"":0.001,""protocol"":""[[16,14,2]]->[[112,104,2]]"",""t_interval"":12}",
 253200000,        15,         0,292144.657,"[[16,14,2]]->[[112,104,2]]_outer",e66bfaa1104cf92767a3f8e300a61f461f067abed5a96a012f8c61d45cc8e8e1,"{""calibration"":""piecewise"",""d"":11,""l1_check_rate"":2,""level"":""outer"",""num_ticks"":15972,""outer_rounds"":11,""p"":0.001,""protocol"":""[[16,14,2]]->[[112,104,2]]"",""t_interval"":12}",
  27333400,    169050,         0,61605.259,"[[16,14,2]]->[[112,104,2]]_inner",b7f774b7e79283763e75750cb29c5f224b5d9d875f22cb3abcce803b788cab0b,"{""calibration"":""piecewise"",""d"":11,""l1_check_rate"":2,""level"":""inner"",""num_ticks"":31812,""outer_rounds"":11,""p"":0.001,""protocol"":""[[16,14,2]]->[[112,104,2]]"",""t_interval"":24}",
  27333400,        36,         0,61605.259,"[[16,14,2]]->[[112,104,2]]_outer",ce9e9ae98bc1a2dcbac611d4d724852e78f2db75e55e72a0b2277705d301c4d3,"{""calibration"":""piecewise"",""d"":11,""l1_check_rate"":2,""level"":""outer"",""num_ticks"":31812,""outer_rounds"":11,""p"":0.001,""protocol"":""[[16,14,2]]->[[112,104,2]]"",""t_interval"":24}",
 127511500,    786117,         0,267546.042,"[[16,14,2]]->[[112,104,2]]_inner",8dde22685571499ddf2a3ef0041bb05c1c4261d0ce1affb29587fe15dd6bd453,"{""calibration"":""piecewise"",""d"":11,""l1_check_rate"":4,""level"":""inner"",""num_ticks"":31812,""outer_rounds"":11,""p"":0.001,""protocol"":""[[16,14,2]]->[[112,104,2]]"",""t_interval"":24}",
 127511500,        32,         0,267546.042,"[[16,14,2]]->[[112,104,2]]_outer",ca8a8c76a0c7c0c777c74fdcfda3388fdbd0854e515bb191a7ca3a7c687ed4aa,"{""calibration"":""piecewise"",""d"":11,""l1_check_rate"":4,""level"":""outer"",""num_ticks"":31812,""outer_rounds"":11,""p"":0.001,""protocol"":""[[16,14,2]]->[[112,104,2]]"",""t_interval"":24}",
 213854500,   1318010,         0,433301.746,"[[16,14,2]]->[[112,104,2]]_inner",c6ddfa84483591fa98b66ae40ae37eba36483ed3daa60a59147acf098057d732,"{""calibration"":""piecewise"",""d"":11,""l1_check_rate"":6,""level"":""inner"",""num_ticks"":31812,""outer_rounds"":11,""p"":0.001,""protocol"":""[[16,14,2]]->[[112,104,2]]"",""t_interval"":24}",
 213854500,        30,         0,433301.746,"[[16,14,2]]->[[112,104,2]]_outer",a8f1b8fb505b3ff3fcceedb397d58bc41d01d0761ec2d632609800eeb7786165,"{""calibration"":""piecewise"",""d"":11,""l1_check_rate"":6,""level"":""outer"",""num_ticks"":31812,""outer_rounds"":11,""p"":0.001,""protocol"":""[[16,14,2]]->[[112,104,2]]"",""t_interval"":24}",
 462961800,   2854342,         0,938397.223,"[[16,14,2]]->[[112,104,2]]_inner",1e238612ef2640f2d47d8fe8871973c193dc3bcca1cf29920002ad635990ce37,"{""calibration"":""piecewise"",""d"":11,""l1_check_rate"":8,""level"":""inner"",""num_ticks"":31812,""outer_rounds"":11,""p"":0.001,""protocol"":""[[16,14,2]]->[[112,104,2]]"",""t_interval"":24}",
 462961800,        42,         0,938397.223,"[[16,14,2]]->[[112,104,2]]_outer",4f184937b4377a807bae983229547f1adccc9c134a288bdf46ab00071c3219e8,"{""calibration"":""piecewise"",""d"":11,""l1_check_rate"":8,""level"":""outer"",""num_ticks"":31812,""outer_rounds"":11,""p"":0.001,""protocol"":""[[16,14,2]]->[[112,104,2]]"",""t_interval"":24}",
   3588200,     44144,         0,18055.542,"[[16,14,2]]->[[112,104,2]]_inner",5bdba0cf59a2c0be3f772e120820547df54ca9540d97024bb93ec5f8e1e0d5c2,"{""calibration"":""piecewise"",""d"":11,""l1_check_rate"":2,""level"":""inner"",""num_ticks"":63492,""outer_rounds"":11,""p"":0.001,""protocol"":""[[16,14,2]]->[[112,104,2]]"",""t_interval"":48}",
   3588200,        50,         0,18055.542,"[[16,14,2]]->[[112,104,2]]_outer",27b151ee51bdd304b660a9871d65171c67155ed10eb4c798e923d86c417fe4ef,"{""calibration"":""piecewise"",""d"":11,""l1_check_rate"":2,""level"":""outer"",""num_ticks"":63492,""outer_rounds"":11,""p"":0.001,""protocol"":""[[16,14,2]]->[[112,104,2]]"",""t_interval"":48}",
  10787700,    131416,         0,40968.773,"[[16,14,2]]->[[112,104,2]]_inner",4a72d1e2cea0cc384f87521ae26a7aa9ae6a5ddf304808185d0cbf10b956c29c,"{""calibration"":""piecewise"",""d"":11,""l1_check_rate"":4,""level"":""inner"",""num_ticks"":63492,""outer_rounds"":11,""p"":0.001,""protocol"":""[[16,14,2]]->[[112,104,2]]"",""t_interval"":48}",
  10787600,        50,         0,40968.497,"[[16,14,2]]->[[112,104,2]]_outer",988cafb34264a0e5a00abb9518e27d2b3f3e34a45b5de594847ad1088b0cf8ef,"{""calibration"":""piecewise"",""d"":11,""l1_check_rate"":4,""level"":""outer"",""num_ticks"":63492,""outer_rounds"":11,""p"":0.001,""protocol"":""[[16,14,2]]->[[112,104,2]]"",""t_interval"":48}",
  12376490,    151462,         0,49106.177,"[[16,14,2]]->[[112,104,2]]_inner",b6c19eb282ce196dc218855852659f1b68e2d26d79ae762190eeb991d9ef8dc6,"{""calibration"":""piecewise"",""d"":11,""l1_check_rate"":6,""level"":""inner"",""num_ticks"":63492,""outer_rounds"":11,""p"":0.001,""protocol"":""[[16,14,2]]->[[112,104,2]]"",""t_interval"":48}",
  12376490,        36,         0,49106.177,"[[16,14,2]]->[[112,104,2]]_outer",aee2fe975bf9bbd8ffbaa2982bdde753c15c0bbe19c4c71a19be0c0f9ae87064,"{""calibration"":""piecewise"",""d"":11,""l1_check_rate"":6,""level"":""outer"",""num_ticks"":63492,""outer_rounds"":11,""p"":0.001,""protocol"":""[[16,14,2]]->[[112,104,2]]"",""t_interval"":48}",
  27123190,    330807,         0,116870.961,"[[16,14,2]]->[[112,104,2]]_inner",04d9b2a48a9286c354b7393088006ecf28bbb2de01751c4bd08ab3ea8eeec254,"{""calibration"":""piecewise"",""d"":11,""l1_check_rate"":8,""level"":""inner"",""num_ticks"":63492,""outer_rounds"":11,""p"":0.001,""protocol"":""[[16,14,2]]->[[112,104,2]]"",""t_interval"":48}",
  27123190,        37,         0,116870.961,"[[16,14,2]]->[[112,104,2]]_outer",91a11d71b351eb64a96d0856ac673357dbfa84ba954126c758a940d6484a4b40,"{""calibration"":""piecewise"",""d"":11,""l1_check_rate"":8,""level"":""outer"",""num_ticks"":63492,""outer_rounds"":11,""p"":0.001,""protocol"":""[[16,14,2]]->[[112,104,2]]"",""t_interval"":48}",
      3000,      1247,         0,   9.890,"[[8,6,2]]->[[36,30,2]]_inner",8ae31a37c79628cff517ee78c92e0548c0a19eb2588b1c96508fb485331f068a,"{""calibration"":""piecewise"",""d"":5,""l1_check_rate"":2,""level"":""inner"",""num_ticks"":7260,""outer_rounds"":11,""p"":0.001,""protocol"":""[[8,6,2]]->[[36,30,2]]"",""t_interval"":12}",
      3000,      1395,         0,   9.890,"[[8,6,2]]->[[36,30,2]]_outer",87c2959ca268597708fc084e8be13b6092ee167ff76625c70b460e3cf56aa2c4,"{""calibration"":""piecewise"",""d"":5,""l1_check_rate"":2,""level"":""outer"",""num_ticks"":7260,""outer_rounds"":11,""p"":0.001,""protocol"":""[[8,6,2]]->[[36,30,2]]"",""t_interval"":12}",
      3000,      1286,         0,  15.810,"[[8,6,2]]->[[36,30,2]]_inner",0e32b26f3c1bc7aeefcc74eefa1111ec68a396968a38cb69541fa80a448d4e8b,"{""calibration"":""piecewise"",""d"":5,""l1_check_rate"":4,""level"":""inner"",""num_ticks"":7260,""outer_rounds"":11,""p"":0.001,""protocol"":""[[8,6,2]]->[[36,30,2]]"",""t_interval"":12}",
      3000,      1157,         0,  15.810,"[[8,6,2]]->[[36,30,2]]_outer",1eee4ce66ab63d1212f921a14c18d0f30fb4d3fcfb289cb8867c380898af437c,"{""calibration"":""piecewise"",""d"":5,""l1_check_rate"":4,""level"":""outer"",""num_ticks"":7260,""outer_rounds"":11,""p"":0.001,""protocol"":""[[8,6,2]]->[[36,30,2]]"",""t_interval"":12}",
      4000,      1630,         0,  28.070,"[[8,6,2]]->[[36,30,2]]_inner",d117987d88dded84f0807cdbe46f4f2a0e9b7753bbfe2a873ec840ea9a85a8df,"{""calibration"":""piecewise"",""d"":5,""l1_check_rate"":6,""level"":""inner"",""num_ticks"":7260,""outer_rounds"":11,""p"":0.001,""protocol"":""[[8,6,2]]->[[36,30,2]]"",""t_interval"":12}",
      4000,      1262,         0,  28.070,"[[8,6,2]]->[[36,30,2]]_outer",b5cfe6f2df232cd7f36328e8006ec50f8ef34ca70d1333da78122659a97a8e92,"{""calibration"":""piecewise"",""d"":5,""l1_check_rate"":6,""level"":""outer"",""num_ticks"":7260,""outer_rounds"":11,""p"":0.001,""protocol"":""[[8,6,2]]->[[36,30,2]]"",""t_interval"":12}",
      2000,       970,         0,   9.510,"[[8,6,2]]->[[36,30,2]]_inner",d659c6559f87d35d7570d7f52374786cae0dc2b6123e08fe4bf08e163b438824,"{""calibration"":""piecewise"",""d"":5,""l1_check_rate"":2,""level"":""inner"",""num_ticks"":14460,""outer_rounds"":11,""p"":0.001,""protocol"":""[[8,6,2]]->[[36,30,2]]"",""t_interval"":24}",
      2000,      1011,         0,   9.510,"[[8,6,2]]->[[36,30,2]]_outer",74e97fce210373312c4a12d92a5e73d451132a33c52ea68564f0cc36f004fe11,"{""calibration"":""piecewise"",""d"":5,""l1_check_rate"":2,""level"":""outer"",""num_ticks"":14460,""outer_rounds"":11,""p"":0.001,""protocol"":""[[8,6,2]]->[[36,30,2]]"",""t_interval"":24}",
      2000,       964,         0,  25.300,"[[8,6,2]]->[[36,30,2]]_inner",e347b3da47dd5c970796337461adfe50184012cd7571673c3ad271290ca566f2,"{""calibration"":""piecewise"",""d"":5,""l1_check_rate"":4,""level"":""inner"",""num_ticks"":14460,""outer_rounds"":11,""p"":0.001,""protocol"":""[[8,6,2]]->[[36,30,2]]"",""t_interval"":24}",
      2000,      1030,         0,  25.300,"[[8,6,2]]->[[36,30,2]]_outer",f402987cafe9d3648c06084f2f5c44e86dd460d6cc0d81337d8f12f9ee685d6e,"{""calibration"":""piecewise"",""d"":5,""l1_check_rate"":4,""level"":""outer"",""num_ticks"":14460,""outer_rounds"":11,""p"":0.001,""protocol"":""[[8,6,2]]->[[36,30,2]]"",""t_interval"":24}",
      2000,       977,         0,  34.300,"[[8,6,2]]->[[36,30,2]]_inner",a241c4092db6f7dbcf7c412174bb87bcac8e887fda08e10f81500bfd7612e920,"{""calibration"":""piecewise"",""d"":5,""l1_check_rate"":6,""level"":""inner"",""num_ticks"":14460,""outer_rounds"":11,""p"":0.001,""protocol"":""[[8,6,2]]->[[36,30,2]]"",""t_interval"":24}",
      2000,      1001,         0,  34.300,"[[8,6,2]]->[[36,30,2]]_outer",b15c0e20d337ec78450921279ee15c216cb067e3ee7220ecebf2d94676abd868,"{""calibration"":""piecewise"",""d"":5,""l1_check_rate"":6,""level"":""outer"",""num_ticks"":14460,""outer_rounds"":11,""p"":0.001,""protocol"":""[[8,6,2]]->[[36,30,2]]"",""t_interval"":24}",
      3000,      1407,         0,  56.000,"[[8,6,2]]->[[36,30,2]]_inner",2a4438bd04e6ea5ef961525c8e6228ba65d7db9e2a0354342e29a237d7487007,"{""calibration"":""piecewise"",""d"":5,""l1_check_rate"":8,""level"":""inner"",""num_ticks"":14460,""outer_rounds"":11,""p"":0.001,""protocol"":""[[8,6,2]]->[[36,30,2]]"",""t_interval"":24}",
      3000,      1450,         0,  56.000,"[[8,6,2]]->[[36,30,2]]_outer",62234afdf46f6052933cfbe68fe1d106749b64b4caff937c67d459f031fc06ce,"{""calibration"":""piecewise"",""d"":5,""l1_check_rate"":8,""level"":""outer"",""num_ticks"":14460,""outer_rounds"":11,""p"":0.001,""protocol"":""[[8,6,2]]->[[36,30,2]]"",""t_interval"":24}",
      2000,       993,         0,  17.460,"[[8,6,2]]->[[36,30,2]]_inner",e60ec79ed31763aa66f669106192056db2fc24c791cd6ec80937857f8a043248,"{""calibration"":""piecewise"",""d"":5,""l1_check_rate"":2,""level"":""inner"",""num_ticks"":28860,""outer_rounds"":11,""p"":0.001,""protocol"":""[[8,6,2]]->[[36,30,2]]"",""t_interval"":48}",
      2000,      1016,         0,  17.460,"[[8,6,2]]->[[36,30,2]]_outer",cf69150aa541afd9d86eb42506c4be431b6f11fa081bd394f6ab5097300a9544,"{""calibration"":""piecewise"",""d"":5,""l1_check_rate"":2,""level"":""outer"",""num_ticks"":28860,""outer_rounds"":11,""p"":0.001,""protocol"":""[[8,6,2]]->[[36,30,2]]"",""t_interval"":48}",
      3000,      1498,         0, 109.400,"[[8,6,2]]->[[36,30,2]]_inner",4d48ad99d6e1b4d941bf2105db2a4076ec5d288bd418809dfa3bb0927ab394fc,"{""calibration"":""piecewise"",""d"":5,""l1_check_rate"":4,""level"":""inner"",""num_ticks"":28860,""outer_rounds"":11,""p"":0.001,""protocol"":""[[8,6,2]]->[[36,30,2]]"",""t_interval"":48}",
      3000,      1488,         0, 109.400,"[[8,6,2]]->[[36,30,2]]_outer",fdce306893068129dba4f9261e3aef240aae9f071e91c63e434ee79fe5342fcf,"{""calibration"":""piecewise"",""d"":5,""l1_check_rate"":4,""level"":""outer"",""num_ticks"":28860,""outer_rounds"":11,""p"":0.001,""protocol"":""[[8,6,2]]->[[36,30,2]]"",""t_interval"":48}",
      3000,      1479,         0, 297.400,"[[8,6,2]]->[[36,30,2]]_inner",d61a7677d0dbb001b4d34e59c4f5f57034eb84147d913713e341c99b563c15bb,"{""calibration"":""piecewise"",""d"":5,""l1_check_rate"":6,""level"":""inner"",""num_ticks"":28860,""outer_rounds"":11,""p"":0.001,""protocol"":""[[8,6,2]]->[[36,30,2]]"",""t_interval"":48}",
      3000,      1489,         0, 297.400,"[[8,6,2]]->[[36,30,2]]_outer",3db26fba9ded3c201d5f70ab1e0f1c1100a95c01a25466e2acf00681d00388ae,"{""calibration"":""piecewise"",""d"":5,""l1_check_rate"":6,""level"":""outer"",""num_ticks"":28860,""outer_rounds"":11,""p"":0.001,""protocol"":""[[8,6,2]]->[[36,30,2]]"",""t_interval"":48}",
      3000,      1532,         0, 539.800,"[[8,6,2]]->[[36,30,2]]_inner",368646ec5a2ad57066ba1cb72cdcde1fed4c593fcc39e4505b1e407f0dd5dd80,"{""calibration"":""piecewise"",""d"":5,""l1_check_rate"":8,""level"":""inner"",""num_ticks"":28860,""outer_rounds"":11,""p"":0.001,""protocol"":""[[8,6,2]]->[[36,30,2]]"",""t_interval"":48}",
      3000,      1490,         0, 539.800,"[[8,6,2]]->[[36,30,2]]_outer",2f7bcd14d010e1d9dc70283f67da2618b25bfc850d9c1a8e3b9dbd262155ab91,"{""calibration"":""piecewise"",""d"":5,""l1_check_rate"":8,""level"":""outer"",""num_ticks"":28860,""outer_rounds"":11,""p"":0.001,""protocol"":""[[8,6,2]]->[[36,30,2]]"",""t_interval"":48}",
      9000,      2313,         0,  17.890,"[[8,6,2]]->[[36,30,2]]_inner",36ee4bf739c5e65fe04c1bc72c18171ec0eeb4208f6a3ad9e84204449fbfa11c,"{""calibration"":""affine"",""d"":6,""l1_check_rate"":2,""level"":""inner"",""num_ticks"":8712,""outer_rounds"":11,""p"":0.001,""protocol"":""[[8,6,2]]->[[36,30,2]]"",""t_interval"":12}",
      9000,      1117,         0,  17.890,"[[8,6,2]]->[[36,30,2]]_outer",0326101196de5d1070b806815690ed04b9e9bd97fb5392847ea0482a2581121e,"{""calibration"":""affine"",""d"":6,""l1_check_rate"":2,""level"":""outer"",""num_ticks"":8712,""outer_rounds"":11,""p"":0.001,""protocol"":""[[8,6,2]]->[[36,30,2]]"",""t_interval"":12}",
     19000,      4891,         0,  41.480,"[[8,6,2]]->[[36,30,2]]_inner",95d364f58063ecbee57c2f18aab34e16abbba1280160339e2edcb9b96911b1e9,"{""calibration"":""affine"",""d"":6,""l1_check_rate"":4,""level"":""inner"",""num_ticks"":8712,""outer_rounds"":11,""p"":0.001,""protocol"":""[[8,6,2]]->[[36,30,2]]"",""t_interval"":12}",
     19000,      1033,         0,  41.480,"[[8,6,2]]->[[36,30,2]]_outer",f281a8eb4683ae4b13c90e4f736eac13e0fdbde4bb38d29bec0cd6fcbfdc8692,"{""calibration"":""affine"",""d"":6,""l1_check_rate"":4,""level"":""outer"",""num_ticks"":8712,""outer_rounds"":11,""p"":0.001,""protocol"":""[[8,6,2]]->[[36,30,2]]"",""t_interval"":12}",
     31000,      7976,         0,  70.500,"[[8,6,2]]->[[36,30,2]]_inner",7066e0d2d53432b334a84fede4a3e03967719b3b0fe28883642c90dd54d257c2,"{""calibration"":""affine"",""d"":6,""l1_check_rate"":6,""level"":""inner"",""num_ticks"":8712,""outer_rounds"":11,""p"":0.001,""protocol"":""[[8,6,2]]->[[36,30,2]]"",""t_interval"":12}",
     31000,      1000,         0,  70.500,"[[8,6,2]]->[[36,30,2]]_outer",84ca33423070bc1a5d1a7f2349eae055ab6d9d83e0119058ee34a9e7fec1c702,"{""calibration"":""affine"",""d"":6,""l1_check_rate"":6,""level"":""outer"",""num_ticks"":8712,""outer_rounds"":11,""p"":0.001,""protocol"":""[[8,6,2]]->[[36,30,2]]"",""t_interval"":12}",
      3000,      1167,         0,  10.670,"[[8,6,2]]->[[36,30,2]]_inner",42ecc7c21c40d975001122a7e297faf5e7f3819b70af1ec4467851a3c0f71a32,"{""calibration"":""affine"",""d"":6,""l1_check_rate"":2,""level"":""inner"",""num_ticks"":17352,""outer_rounds"":11,""p"":0.001,""protocol"":""[[8,6,2]]->[[36,30,2]]"",""t_interval"":24}",
      3000,      1246,         0,  10.670,"[[8,6,2]]->[[36,30,2]]_outer",06db4d2653e3c0329786c2a7f6d6501eb24094fc0c6e653349ea16aa71bb01e4,"{""calibration"":""affine"",""d"":6,""l1_check_rate"":2,""level"":""outer"",""num_ticks"":17352,""outer_rounds"":11,""p"":0.001,""protocol"":""[[8,6,2]]->[[36,30,2]]"",""t_interval"":24}",
      4000,      1503,         0,  17.930,"[[8,6,2]]->[[36,30,2]]_inner",f1cfb2fb3f3eb3653b411c7f085d7caedbda6fa41b3385d5f7ae1143a9379cb2,"{""calibration"":""affine"",""d"":6,""l1_check_rate"":4,""level"":""inner"",""num_ticks"":17352,""outer_rounds"":11,""p"":0.001,""protocol"":""[[8,6,2]]->[[36,30,2]]"",""t_interval"":24}",
      4000,      1254,         0,  17.930,"[[8,6,2]]->[[36,30,2]]_outer",cb6c692dd55aa30f724cf68d6b92add4b5119124b6f2b63224cae24b080a7086,"{""calibration"":""affine"",""d"":6,""l1_check_rate"":4,""level"":""outer"",""num_ticks"":17352,""outer_rounds"":11,""p"":0.001,""protocol"":""[[8,6,2]]->[[36,30,2]]"",""t_interval"":24}",
      5000,      1920,         0,  23.540,"[[8,6,2]]->[[36,30,2]]_inner",f9063fd4bd65272ae042feb60b5d6693c430c754b2510d94cbec5217987f75f3,"{""calibration"":""affine"",""d"":6,""l1_check_rate"":6,""level"":""inner"",""num_ticks"":17352,""outer_rounds"":11,""p"":0.001,""protocol"":""[[8,6,2]]->[[36,30,2]]"",""t_interval"":24}",
      5000,      1066,         0,  23.540,"[[8,6,2]]->[[36,30,2]]_outer",bddb0e3505828ae8bd813825a014799f384829b4f8796972a120cf1a50e75c8d,"{""calibration"":""affine"",""d"":6,""l1_check_rate"":6,""level"":""outer"",""num_ticks"":17352,""outer_rounds"":11,""p"":0.001,""protocol"":""[[8,6,2]]->[[36,30,2]]"",""t_interval"":24}",
      7000,      2701,         0,  38.300,"[[8,6,2]]->[[36,30,2]]_inner",402bd22c770bfad92e3f8e1e69dde43598a54abd0b380a01cbd79f401f0229a7,"{""calibration"":""affine"",""d"":6,""l1_check_rate"":8,""level"":""inner"",""num_ticks"":17352,""outer_rounds"":11,""p"":0.001,""protocol"":""[[8,6,2]]->[[36,30,2]]"",""t_interval"":24}",
      7000,      1166,         0,  38.300,"[[8,6,2]]->[[36,30,2]]_outer",76dbc683dbb05f9f82c9f1ef652546f4d2c759d1fadf8d29b232a237369dd847,"{""calibration"":""affine"",""d"":6,""l1_check_rate"":8,""level"":""outer"",""num_ticks"":17352,""outer_rounds"":11,""p"":0.001,""protocol"":""[[8,6,2]]->[[36,30,2]]"",""t_interval"":24}",
      2000,       940,         0,  12.710,"[[8,6,2]]->[[36,30,2]]_inner",24e32b06b2ebe345a14fa7245ff05a199ae0456d19bce2757648817ee5203b46,"{""calibration"":""affine"",""d"":6,""l1_check_rate"":2,""level"":""inner"",""num_ticks"":34632,""outer_rounds"":11,""p"":0.001,""protocol"":""[[8,6,2]]->[[36,30,2]]"",""t_interval"":48}",
      2000,      1033,         0,  12.710,"[[8,6,2]]->[[36,30,2]]_outer",61016cab930c93e9c45323affd91dc7487a1cf4f0c1e5d0d3872cfac1001ff8b,"{""calibration"":""affine"",""d"":6,""l1_check_rate"":2,""level"":""outer"",""num_ticks"":34632,""outer_rounds"":11,""p"":0.001,""protocol"":""[[8,6,2]]->[[36,30,2]]"",""t_interval"":48}",
      3000,      1413,         0,  30.770,"[[8,6,2]]->[[36,30,2]]_inner",bc292240ed94313f7370470e5c9aa4096d7c42808793c749671e0724a902be1b,"{""calibration"":""affine"",""d"":6,""l1_check_rate"":4,""level"":""inner"",""num_ticks"":34632,""outer_rounds"":11,""p"":0.001,""protocol"":""[[8,6,2]]->[[36,30,2]]"",""t_interval"":48}",
      3000,      1479,         0,  30.770,"[[8,6,2]]->[[36,30,2]]_outer",32e297be1ee0688e7ce2c521971814765e87c277459ac0e061d03778f9695fbd,"{""calibration"":""affine"",""d"":6,""l1_check_rate"":4,""level"":""outer"",""num_ticks"":34632,""outer_rounds"":11,""p"":0.001,""protocol"":""[[8,6,2]]->[[36,30,2]]"",""t_interval"":48}",
      3000,      1466,         0,  48.600,"[[8,6,2]]->[[36,30,2]]_inner",2f61d6af8a38f0c70fff79246a700e8ce3be1c17bfbd6ce9190ff59f6ff575a6,"{""calibration"":""affine"",""d"":6,""l1_check_rate"":6,""level"":""inner"",""num_ticks"":34632,""outer_rounds"":11,""p"":0.001,""protocol"":""[[8,6,2]]->[[36,30,2]]"",""t_interval"":48}",
      3000,      1480,         0,  48.600,"[[8,6,2]]->[[36,30,2]]_outer",7064b45830ddb114dbf7fe4e32e0d9d263181515750800963941a4a6c8f8f032,"{""calibration"":""affine"",""d"":6,""l1_check_rate"":6,""level"":""outer"",""num_ticks"":34632,""outer_rounds"":11,""p"":0.001,""protocol"":""[[8,6,2]]->[[36,30,2]]"",""t_interval"":48}",
      3000,      1364,         0,  58.000,"[[8,6,2]]->[[36,30,2]]_inner",7eb0a694c41db9bb2691094d2271b8a4a626732f409e7b7d069921bc4d91c126,"{""calibration"":""affine"",""d"":6,""l1_check_rate"":8,""level"":""inner"",""num_ticks"":34632,""outer_rounds"":11,""p"":0.001,""protocol"":""[[8,6,2]]->[[36,30,2]]"",""t_interval"":48}",
      3000,      1442,         0,  58.000,"[[8,6,2]]->[[36,30,2]]_outer",ac8fa25673259ef5657460611adb2cad9ae0a10fcd48b4f898a5ea498141e037,"{""calibration"":""affine"",""d"":6,""l1_check_rate"":8,""level"":""outer"",""num_ticks"":34632,""outer_rounds"":11,""p"":0.001,""protocol"":""[[8,6,2]]->[[36,30,2]]"",""t_interval"":48}",
    118000,     14149,         0, 177.171,"[[8,6,2]]->[[36,30,2]]_inner",1179d456f82a7e4746236127daa3325ef27ed86673a00c786d638c71cbaa7617,"{""calibration"":""piecewise"",""d"":7,""l1_check_rate"":2,""level"":""inner"",""num_ticks"":10164,""outer_rounds"":11,""p"":0.001,""protocol"":""[[8,6,2]]->[[36,30,2]]"",""t_interval"":12}",
    118000,      1002,         0, 177.171,"[[8,6,2]]->[[36,30,2]]_outer",490b2d71cf6c48b77161aa5b80d04a4447c2bcf1467b2326dd54f6152a1d135b,"{""calibration"":""piecewise"",""d"":7,""l1_check_rate"":2,""level"":""outer"",""num_ticks"":10164,""outer_rounds"":11,""p"":0.001,""protocol"":""[[8,6,2]]->[[36,30,2]]"",""t_interval"":12}",
    335000,     40663,         0, 460.131,"[[8,6,2]]->[[36,30,2]]_inner",ae1b6ec04feaa22b6715e80e3d872b4009fbb6f9919b6c3a69320f462d56e002,"{""calibration"":""piecewise"",""d"":7,""l1_check_rate"":4,""level"":""inner"",""num_ticks"":10164,""outer_rounds"":11,""p"":0.001,""protocol"":""[[8,6,2]]->[[36,30,2]]"",""t_interval"":12}",
    335000,      1003,         0, 460.131,"[[8,6,2]]->[[36,30,2]]_outer",49afc7e2313d184b3eefd34bff9ed5b7741eb8f9c49608cd40941a5fe37005a9,"{""calibration"":""piecewise"",""d"":7,""l1_check_rate"":4,""level"":""outer"",""num_ticks"":10164,""outer_rounds"":11,""p"":0.001,""protocol"":""[[8,6,2]]->[[36,30,2]]"",""t_interval"":12}",
    641000,     77868,         0,1124.033,"[[8,6,2]]->[[36,30,2]]_inner",8347115c62d932b6fa14ecf13f2801db3309b29705eeac0fdf2fee981c6e765e,"{""calibration"":""piecewise"",""d"":7,""l1_check_rate"":6,""level"":""inner"",""num_ticks"":10164,""outer_rounds"":11,""p"":0.001,""protocol"":""[[8,6,2]]->[[36,30,2]]"",""t_interval"":12}",
    641000,      1002,         0,1124.033,"[[8,6,2]]->[[36,30,2]]_outer",84e31c6f6b4b440c652b717f36412d289b3649b378ed1be6787245f7a5214bf0,"{""calibration"":""piecewise"",""d"":7,""l1_check_rate"":6,""level"":""outer"",""num_ticks"":10164,""outer_rounds"":11,""p"":0.001,""protocol"":""[[8,6,2]]->[[36,30,2]]"",""t_interval"":12}",
     15000,      3166,         0,  51.680,"[[8,6,2]]->[[36,30,2]]_inner",320b2974d9a16d58c053fe5623604819a1611d52da12c922613b39b0404502ed,"{""calibration"":""piecewise"",""d"":7,""l1_check_rate"":2,""level"":""inner"",""num_ticks"":20244,""outer_rounds"":11,""p"":0.001,""protocol"":""[[8,6,2]]->[[36,30,2]]"",""t_interval"":24}",
     15000,      1054,         0,  51.680,"[[8,6,2]]->[[36,30,2]]_outer",94bffee51e69155483f9b1f0664a5252bce3ba44582cb4c36f3417e9ad712db6,"{""calibration"":""piecewise"",""d"":7,""l1_check_rate"":2,""level"":""outer"",""num_ticks"":20244,""outer_rounds"":11,""p"":0.001,""protocol"":""[[8,6,2]]->[[36,30,2]]"",""t_interval"":24}",
     33000,      7036,         0,  88.040,"[[8,6,2]]->[[36,30,2]]_inner",af1d12caaa2c637a79f203b56b57dcb243b8b1afae3bf91979079deb9b978843,"{""calibration"":""piecewise"",""d"":7,""l1_check_rate"":4,""level"":""inner"",""num_ticks"":20244,""outer_rounds"":11,""p"":0.001,""protocol"":""[[8,6,2]]->[[36,30,2]]"",""t_interval"":24}",
     33000,      1004,         0,  88.040,"[[8,6,2]]->[[36,30,2]]_outer",f52f2b3b25cb9eb982d64ab1c495bb94a39e687e3cb70130ce5ffab1eb9318f9,"{""calibration"":""piecewise"",""d"":7,""l1_check_rate"":4,""level"":""outer"",""num_ticks"":20244,""outer_rounds"":11,""p"":0.001,""protocol"":""[[8,6,2]]->[[36,30,2]]"",""t_interval"":24}",
     56000,     11954,         0, 151.370,"[[8,6,2]]->[[36,30,2]]_inner",69ffb2a1c71fa41ea0db016d26136b8fa1e0a2953848f3c0969815d84b386b45,"{""calibration"":""piecewise"",""d"":7,""l1_check_rate"":6,""level"":""inner"",""num_ticks"":20244,""outer_rounds"":11,""p"":0.001,""protocol"":""[[8,6,2]]->[[36,30,2]]"",""t_interval"":24}",
     56000,      1001,         0, 151.370,"[[8,6,2]]->[[36,30,2]]_outer",1d748bc2163cce84caacf1eac8831117f98fec3a2a869e263e94e5397a9fb193,"{""calibration"":""piecewise"",""d"":7,""l1_check_rate"":6,""level"":""outer"",""num_ticks"":20244,""outer_rounds"":11,""p"":0.001,""protocol"":""[[8,6,2]]->[[36,30,2]]"",""t_interval"":24}",
     90000,     19208,         0, 214.630,"[[8,6,2]]->[[36,30,2]]_inner",4881789900b9679b938c44b036f8be8f9cc7f70529d03db73806538995edb858,"{""calibration"":""piecewise"",""d"":7,""l1_check_rate"":8,""level"":""inner"",""num_ticks"":20244,""outer_rounds"":11,""p"":0.001,""protocol"":""[[8,6,2]]->[[36,30,2]]"",""t_interval"":24}",
     90000,      1008,         0, 214.630,"[[8,6,2]]->[[36,30,2]]_outer",0714c54524fba225075d7778256ceb3c0ef83db2311fe8d639ccfee7b832b739,"{""calibration"":""piecewise"",""d"":7,""l1_check_rate"":8,""level"":""outer"",""num_ticks"":20244,""outer_rounds"":11,""p"":0.001,""protocol"":""[[8,6,2]]->[[36,30,2]]"",""t_interval"":24}",
      4000,      1328,         0,  41.230,"[[8,6,2]]->[[36,30,2]]_inner",baa6b47835f150cfdb6acd181e80a4c0394d2646b1dbec4343ffcd0451504a1c,"{""calibration"":""piecewise"",""d"":7,""l1_check_rate"":2,""level"":""inner"",""num_ticks"":40404,""outer_rounds"":11,""p"":0.001,""protocol"":""[[8,6,2]]->[[36,30,2]]"",""t_interval"":48}",
      4000,      1257,         0,  41.230,"[[8,6,2]]->[[36,30,2]]_outer",ce19cc450040ae2fa43fd7aff9d07ca54c79cc705f0dffe1348cbc337b5c4f4e,"{""calibration"":""piecewise"",""d"":7,""l1_check_rate"":2,""level"":""outer"",""num_ticks"":40404,""outer_rounds"":11,""p"":0.001,""protocol"":""[[8,6,2]]->[[36,30,2]]"",""t_interval"":48}",
      6000,      2004,         0,  53.410,"[[8,6,2]]->[[36,30,2]]_inner",36b70ee375326fcbaf3b179ee81f73b46109bfa7c40e5e31cb1100f2bfc77678,"{""calibration"":""piecewise"",""d"":7,""l1_check_rate"":4,""level"":""inner"",""num_ticks"":40404,""outer_rounds"":11,""p"":0.001,""protocol"":""[[8,6,2]]->[[36,30,2]]"",""t_interval"":48}",
      6000,      1214,         0,  53.410,"[[8,6,2]]->[[36,30,2]]_outer",a3b1fed697244f0781e9b9b1366e993882a39f0f9bd44ab723060fba589d9024,"{""calibration"":""piecewise"",""d"":7,""l1_check_rate"":4,""level"":""outer"",""num_ticks"":40404,""outer_rounds"":11,""p"":0.001,""protocol"":""[[8,6,2]]->[[36,30,2]]"",""t_interval"":48}",
      8000,      2670,         0,  47.760,"[[8,6,2]]->[[36,30,2]]_inner",7ab1296822b6bb26052c8e7a4f73ed2181d4ab239765011f7975bc0678c2fc70,"{""calibration"":""piecewise"",""d"":7,""l1_check_rate"":6,""level"":""inner"",""num_ticks"":40404,""outer_rounds"":11,""p"":0.001,""protocol"":""[[8,6,2]]->[[36,30,2]]"",""t_interval"":48}",
      8000,      1057,         0,  47.760,"[[8,6,2]]->[[36,30,2]]_outer",e8b966321c6bcd3723b3db3f946f8ac1407a4b711d03897d98b8132b048cec01,"{""calibration"":""piecewise"",""d"":7,""l1_check_rate"":6,""level"":""outer"",""num_ticks"":40404,""outer_rounds"":11,""p"":0.001,""protocol"":""[[8,6,2]]->[[36,30,2]]"",""t_interval"":48}",
     11000,      3643,         0,  65.460,"[[8,6,2]]->[[36,30,2]]_inner",fc7913e90d152bcf0e96937406abc294c5cf4ccd2c2570f4614b5e267b3ad03f,"{""calibration"":""piecewise"",""d"":7,""l1_check_rate"":8,""level"":""inner"",""num_ticks"":40404,""outer_rounds"":11,""p"":0.001,""protocol"":""[[8,6,2]]->[[36,30,2]]"",""t_interval"":48}",
     11000,      1071,         0,  65.460,"[[8,6,2]]->[[36,30,2]]_outer",3956895b6128ba08ec7dbbce2bdf826a17cf7a359aa9738fc76b25a920c57de5,"{""calibration"":""piecewise"",""d"":7,""l1_check_rate"":8,""level"":""outer"",""num_ticks"":40404,""outer_rounds"":11,""p"":0.001,""protocol"":""[[8,6,2]]->[[36,30,2]]"",""t_interval"":48}",
   3076000,    162001,         0,3275.103,"[[8,6,2]]->[[36,30,2]]_inner",a4fef208dc5e4104a0be9d8152d5dfda804aec9cfce30ad3c8b1e77a4cfac044,"{""calibration"":""affine"",""d"":8,""l1_check_rate"":2,""level"":""inner"",""num_ticks"":11616,""outer_rounds"":11,""p"":0.001,""protocol"":""[[8,6,2]]->[[36,30,2]]"",""t_interval"":12}",
   3076000,      1000,         0,3275.103,"[[8,6,2]]->[[36,30,2]]_outer",f7fbfdc14f467ad82b23ece320f9bb73de497c4012b9bc95cf5e328999f1784f,"{""calibration"":""affine"",""d"":8,""l1_check_rate"":2,""level"":""outer"",""num_ticks"":11616,""outer_rounds"":11,""p"":0.001,""protocol"":""[[8,6,2]]->[[36,30,2]]"",""t_interval"":12}",
   4200000,    221660,         0,5978.003,"[[8,6,2]]->[[36,30,2]]_inner",bcb8631950ae80d803aae689b44be71328749541b0d929743d533ed01309e2e0,"{""calibration"":""affine"",""d"":8,""l1_check_rate"":4,""level"":""inner"",""num_ticks"":11616,""outer_rounds"":11,""p"":0.001,""protocol"":""[[8,6,2]]->[[36,30,2]]"",""t_interval"":12}",
   4200000,       407,         0,5978.003,"[[8,6,2]]->[[36,30,2]]_outer",72bfedcfd37ec5f099ce10351fc54af13b1d17ada8b5944d3bcb996fdf9a3b26,"{""calibration"":""affine"",""d"":8,""l1_check_rate"":4,""level"":""outer"",""num_ticks"":11616,""outer_rounds"":11,""p"":0.001,""protocol"":""[[8,6,2]]->[[36,30,2]]"",""t_interval"":12}",
   6120000,    323233,         0,9122.202,"[[8,6,2]]->[[36,30,2]]_inner",f3edb949e9c9fed382be48ee85f674ea4a0cd54fe2b419882ac1926675a19fe5,"{""calibration"":""affine"",""d"":8,""l1_check_rate"":6,""level"":""inner"",""num_ticks"":11616,""outer_rounds"":11,""p"":0.001,""protocol"":""[[8,6,2]]->[[36,30,2]]"",""t_interval"":12}",
   6120000,       303,         0,9122.202,"[[8,6,2]]->[[36,30,2]]_outer",e67ee0b05311f9a11081a6540b5a231c52ac4678ac197e06a470140232be7353,"{""calibration"":""affine"",""d"":8,""l1_check_rate"":6,""level"":""outer"",""num_ticks"":11616,""outer_rounds"":11,""p"":0.001,""protocol"":""[[8,6,2]]->[[36,30,2]]"",""t_interval"":12}",
    274000,     27165,         0, 652.100,"[[8,6,2]]->[[36,30,2]]_inner",b48fd75a79206a941be16a509dc62b4f4cd656f45551417b316c3b0cd75d5cf7,"{""calibration"":""affine"",""d"":8,""l1_check_rate"":2,""level"":""inner"",""num_ticks"":23136,""outer_rounds"":11,""p"":0.001,""protocol"":""[[8,6,2]]->[[36,30,2]]"",""t_interval"":24}",
    274000,      1003,         0, 652.100,"[[8,6,2]]->[[36,30,2]]_outer",03761d2c7d9ba267772c6aa16163ac4ea1f3f35f4ccc65365fb142aefd6c1508,"{""calibration"":""affine"",""d"":8,""l1_check_rate"":2,""level"":""outer"",""num_ticks"":23136,""outer_rounds"":11,""p"":0.001,""protocol"":""[[8,6,2]]->[[36,30,2]]"",""t_interval"":24}",
    773000,     76918,         0,2017.720,"[[8,6,2]]->[[36,30,2]]_inner",35d199fff6f39b5aec7029e2c85b21d3bca6b3192f8d82e591d9ce82d8e00eef,"{""calibration"":""affine"",""d"":8,""l1_check_rate"":4,""level"":""inner"",""num_ticks"":23136,""outer_rounds"":11,""p"":0.001,""protocol"":""[[8,6,2]]->[[36,30,2]]"",""t_interval"":24}",
    773000,      1002,         0,2017.720,"[[8,6,2]]->[[36,30,2]]_outer",a2536232731201c660bc12be6d64cf7704f944ff8a7c9a0ebf94619f1ea41467,"{""calibration"":""affine"",""d"":8,""l1_check_rate"":4,""level"":""outer"",""num_ticks"":23136,""outer_rounds"":11,""p"":0.001,""protocol"":""[[8,6,2]]->[[36,30,2]]"",""t_interval"":24}",
   1585000,    157717,         0,4136.710,"[[8,6,2]]->[[36,30,2]]_inner",bab97d4bbebbe97f6e05a6e6d7b4d14982cfe324806bfb044921dfb82fa15b5a,"{""calibration"":""affine"",""d"":8,""l1_check_rate"":6,""level"":""inner"",""num_ticks"":23136,""outer_rounds"":11,""p"":0.001,""protocol"":""[[8,6,2]]->[[36,30,2]]"",""t_interval"":24}",
   1585000,      1000,         0,4136.710,"[[8,6,2]]->[[36,30,2]]_outer",2e8dc18fa6dfb652d710339f303a5e51ff21d4c6f14e40ea3780bf7f1f253db1,"{""calibration"":""affine"",""d"":8,""l1_check_rate"":6,""level"":""outer"",""num_ticks"":23136,""outer_rounds"":11,""p"":0.001,""protocol"":""[[8,6,2]]->[[36,30,2]]"",""t_interval"":24}",
   2518000,    250046,         0,6695.710,"[[8,6,2]]->[[36,30,2]]_inner",6168c130fd2c9de0cdc5541505fe67314af7d43cf63d5d66873cec45d83bd34c,"{""calibration"":""affine"",""d"":8,""l1_check_rate"":8,""level"":""inner"",""num_ticks"":23136,""outer_rounds"":11,""p"":0.001,""protocol"":""[[8,6,2]]->[[36,30,2]]"",""t_interval"":24}",
   2518000,      1000,         0,6695.710,"[[8,6,2]]->[[36,30,2]]_outer",2e1a30d65f54c7348b1dd2e9a7facd1c2083f1a4d98b319979196a99f686c6a1,"{""calibration"":""affine"",""d"":8,""l1_check_rate"":8,""level"":""outer"",""num_ticks"":23136,""outer_rounds"":11,""p"":0.001,""protocol"":""[[8,6,2]]->[[36,30,2]]"",""t_interval"":24}",
     28000,      4936,         0, 115.570,"[[8,6,2]]->[[36,30,2]]_inner",2ac403a910b619e5dd954ae4d8a57364bc965045dad103795efee151c2b0b175,"{""calibration"":""affine"",""d"":8,""l1_check_rate"":2,""level"":""inner"",""num_ticks"":46176,""outer_rounds"":11,""p"":0.001,""protocol"":""[[8,6,2]]->[[36,30,2]]"",""t_interval"":48}",
     28000,      1005,         0, 115.570,"[[8,6,2]]->[[36,30,2]]_outer",54f8134db1ba3f7f315a4bb340b47c5a8c28f98053ff8c0ba0a4bc0337b80c64,"{""calibration"":""affine"",""d"":8,""l1_check_rate"":2,""level"":""outer"",""num_ticks"":46176,""outer_rounds"":11,""p"":0.001,""protocol"":""[[8,6,2]]->[[36,30,2]]"",""t_interval"":48}",
     72000,     12964,         0, 335.990,"[[8,6,2]]->[[36,30,2]]_inner",3ce0e8d6607fbfd72a997591b0c682f3be6ae53b8040616cdadbfa0a881db939,"{""calibration"":""affine"",""d"":8,""l1_check_rate"":4,""level"":""inner"",""num_ticks"":46176,""outer_rounds"":11,""p"":0.001,""protocol"":""[[8,6,2]]->[[36,30,2]]"",""t_interval"":48}",
     72000,      1011,         0, 335.990,"[[8,6,2]]->[[36,30,2]]_outer",46e66eb1346a3c11289e8252722b0ad77afc0f7a43b4aaa852f4d118328f470c,"{""calibration"":""affine"",""d"":8,""l1_check_rate"":4,""level"":""outer"",""num_ticks"":46176,""outer_rounds"":11,""p"":0.001,""protocol"":""[[8,6,2]]->[[36,30,2]]"",""t_interval"":48}",
    132000,     23526,         0, 706.630,"[[8,6,2]]->[[36,30,2]]_inner",ab0d820321bbba9df248334ef832ca008c6b18cb2c26abc8b0c226a7a16e4a06,"{""calibration"":""affine"",""d"":8,""l1_check_rate"":6,""level"":""inner"",""num_ticks"":46176,""outer_rounds"":11,""p"":0.001,""protocol"":""[[8,6,2]]->[[36,30,2]]"",""t_interval"":48}",
    132000,      1002,         0, 706.630,"[[8,6,2]]->[[36,30,2]]_outer",166f919094f9db0820ea197579c92a1719824a7793c5fa1ebc00b9c48ecef362,"{""calibration"":""affine"",""d"":8,""l1_check_rate"":6,""level"":""outer"",""num_ticks"":46176,""outer_rounds"":11,""p"":0.001,""protocol"":""[[8,6,2]]->[[36,30,2]]"",""t_interval"":48}",
    212000,     37766,         0,1154.860,"[[8,6,2]]->[[36,30,2]]_inner",dd1b1bf57675b484c6000eca7222492b9fbe3f214c36b667b14acd91a2598dbe,"{""calibration"":""affine"",""d"":8,""l1_check_rate"":8,""level"":""inner"",""num_ticks"":46176,""outer_rounds"":11,""p"":0.001,""protocol"":""[[8,6,2]]->[[36,30,2]]"",""t_interval"":48}",
    212000,      1004,         0,1154.860,"[[8,6,2]]->[[36,30,2]]_outer",5060b2f915e02eebc39ce0f098482eca0197cbb23ea6503d6ac8873542dcf54c,"{""calibration"":""affine"",""d"":8,""l1_check_rate"":8,""level"":""outer"",""num_ticks"":46176,""outer_rounds"":11,""p"":0.001,""protocol"":""[[8,6,2]]->[[36,30,2]]"",""t_interval"":48}",
   8150000,    175591,         0,8828.663,"[[8,6,2]]->[[36,30,2]]_inner",05b58a49258599b807c7d63d5dba0fbf2e50fdc4a8f1cc60206ad1c656476436,"{""calibration"":""affine"",""d"":9,""l1_check_rate"":2,""level"":""inner"",""num_ticks"":13068,""outer_rounds"":11,""p"":0.001,""protocol"":""[[8,6,2]]->[[36,30,2]]"",""t_interval"":12}",
   8150000,        90,         0,8828.663,"[[8,6,2]]->[[36,30,2]]_outer",fcf8d172b7566f5ae2918ffdad6c77fe7149169ec7f522fbe2d7158d39cfceaf,"{""calibration"":""affine"",""d"":9,""l1_check_rate"":2,""level"":""outer"",""num_ticks"":13068,""outer_rounds"":11,""p"":0.001,""protocol"":""[[8,6,2]]->[[36,30,2]]"",""t_interval"":12}",
  14219000,    306602,         0,18526.121,"[[8,6,2]]->[[36,30,2]]_inner",5b78a8fc5169495a31c0baeadc7039d3fade8d8ab44a7650a484b847da9b9f76,"{""calibration"":""affine"",""d"":9,""l1_check_rate"":4,""level"":""inner"",""num_ticks"":13068,""outer_rounds"":11,""p"":0.001,""protocol"":""[[8,6,2]]->[[36,30,2]]"",""t_interval"":12}",
  14218000,        51,         0,18524.401,"[[8,6,2]]->[[36,30,2]]_outer",25cd3298359f903e2c7cd10ce0ebc41a0fa58c3002a0cdb29b5ca26fb6862946,"{""calibration"":""affine"",""d"":9,""l1_check_rate"":4,""level"":""outer"",""num_ticks"":13068,""outer_rounds"":11,""p"":0.001,""protocol"":""[[8,6,2]]->[[36,30,2]]"",""t_interval"":12}",
 176875000,   3819777,         0,239781.770,"[[8,6,2]]->[[36,30,2]]_inner",4bd9c859e253bc33592841467f7d20ca15cd0752c48fd4e81693b683fda5fc99,"{""calibration"":""affine"",""d"":9,""l1_check_rate"":6,""level"":""inner"",""num_ticks"":13068,""outer_rounds"":11,""p"":0.001,""protocol"":""[[8,6,2]]->[[36,30,2]]"",""t_interval"":12}",
 176875000,       304,         0,239781.770,"[[8,6,2]]->[[36,30,2]]_outer",666ca7c7f6deb65cb4f33c1225534aa0bb7bc5db0793544c0a61626aa5ac87b3,"{""calibration"":""affine"",""d"":9,""l1_check_rate"":6,""level"":""outer"",""num_ticks"":13068,""outer_rounds"":11,""p"":0.001,""protocol"":""[[8,6,2]]->[[36,30,2]]"",""t_interval"":12}",
   2586000,    108695,         0,6664.970,"[[8,6,2]]->[[36,30,2]]_inner",06a99952e7a7512bb9eec29067458ff9c02aee28268cb54db391c20c8be0b818,"{""calibration"":""affine"",""d"":9,""l1_check_rate"":2,""level"":""inner"",""num_ticks"":26028,""outer_rounds"":11,""p"":0.001,""protocol"":""[[8,6,2]]->[[36,30,2]]"",""t_interval"":24}",
   2586000,       400,         0,6664.970,"[[8,6,2]]->[[36,30,2]]_outer",8da1c4acc86dd645fe1001a55739f7bd9dad614d53325aec68eeaa0dbc51e271,"{""calibration"":""affine"",""d"":9,""l1_check_rate"":2,""level"":""outer"",""num_ticks"":26028,""outer_rounds"":11,""p"":0.001,""protocol"":""[[8,6,2]]->[[36,30,2]]"",""t_interval"":24}",
   2729000,    114860,         0,6865.320,"[[8,6,2]]->[[36,30,2]]_inner",2dcc54a7deafdc8536188427c77c1f083c43d795ff8e40ef422519c902c0bc8d,"{""calibration"":""affine"",""d"":9,""l1_check_rate"":4,""level"":""inner"",""num_ticks"":26028,""outer_rounds"":11,""p"":0.001,""protocol"":""[[8,6,2]]->[[36,30,2]]"",""t_interval"":24}",
   2729000,       141,         0,6865.320,"[[8,6,2]]->[[36,30,2]]_outer",b82a4fa6ada46610307c5821a388eb0acda73261a7cece6ca60ae044e3a7fec9,"{""calibration"":""affine"",""d"":9,""l1_check_rate"":4,""level"":""outer"",""num_ticks"":26028,""outer_rounds"":11,""p"":0.001,""protocol"":""[[8,6,2]]->[[36,30,2]]"",""t_interval"":24}",
   6940000,    292118,         0,16622.130,"[[8,6,2]]->[[36,30,2]]_inner",86930f2f4622e373210ae01583d863502ea8016cb903871c71d2d83f225f6a17,"{""calibration"":""affine"",""d"":9,""l1_check_rate"":6,""level"":""inner"",""num_ticks"":26028,""outer_rounds"":11,""p"":0.001,""protocol"":""[[8,6,2]]->[[36,30,2]]"",""t_interval"":24}",
   6940000,       164,         0,16622.130,"[[8,6,2]]->[[36,30,2]]_outer",924afb09f9d4bde843d7939e95373fd04d057b2f7c103c8b40c28598e1f67dbf,"{""calibration"":""affine"",""d"":9,""l1_check_rate"":6,""level"":""outer"",""num_ticks"":26028,""outer_rounds"":11,""p"":0.001,""protocol"":""[[8,6,2]]->[[36,30,2]]"",""t_interval"":24}",
   4988000,    209499,         0,12522.320,"[[8,6,2]]->[[36,30,2]]_inner",ca7b61aa3361de2ef0eb3f3a6632bcc8a2626c658d9c116d1e1bb4dcd7779a72,"{""calibration"":""affine"",""d"":9,""l1_check_rate"":8,""level"":""inner"",""num_ticks"":26028,""outer_rounds"":11,""p"":0.001,""protocol"":""[[8,6,2]]->[[36,30,2]]"",""t_interval"":24}",
   4988000,        65,         0,12522.320,"[[8,6,2]]->[[36,30,2]]_outer",ab7f88578f9472bb49ae2a6474715134bc2ec3ec3ee20abaa50a4c57f6bcfca3,"{""calibration"":""affine"",""d"":9,""l1_check_rate"":8,""level"":""outer"",""num_ticks"":26028,""outer_rounds"":11,""p"":0.001,""protocol"":""[[8,6,2]]->[[36,30,2]]"",""t_interval"":24}",
    217000,     17486,         0,1137.510,"[[8,6,2]]->[[36,30,2]]_inner",7a271534051531998cfb8a284c8905e78d7e81804789f59ecbd1155cc2c1cdb7,"{""calibration"":""affine"",""d"":9,""l1_check_rate"":2,""level"":""inner"",""num_ticks"":51948,""outer_rounds"":11,""p"":0.001,""protocol"":""[[8,6,2]]->[[36,30,2]]"",""t_interval"":48}",
    217000,       401,         0,1137.510,"[[8,6,2]]->[[36,30,2]]_outer",afd0b45f051bbbab41ff181589cec66a9b8bfe28a092608f5fded14ec63f3e32,"{""calibration"":""affine"",""d"":9,""l1_check_rate"":2,""level"":""outer"",""num_ticks"":51948,""outer_rounds"":11,""p"":0.001,""protocol"":""[[8,6,2]]->[[36,30,2]]"",""t_interval"":48}",
    621000,     50032,         0,3371.180,"[[8,6,2]]->[[36,30,2]]_inner",741976405da63dd62fa18591063e4c87c29f8031078a938011783e7e2f5f7028,"{""calibration"":""affine"",""d"":9,""l1_check_rate"":4,""level"":""inner"",""num_ticks"":51948,""outer_rounds"":11,""p"":0.001,""protocol"":""[[8,6,2]]->[[36,30,2]]"",""t_interval"":48}",
    621000,       401,         0,3371.180,"[[8,6,2]]->[[36,30,2]]_outer",2dfeba1983a22aeb6bdda7cdff8c49de3015430133babbd882f5416bde63ca7c,"{""calibration"":""affine"",""d"":9,""l1_check_rate"":4,""level"":""outer"",""num_ticks"":51948,""outer_rounds"":11,""p"":0.001,""protocol"":""[[8,6,2]]->[[36,30,2]]"",""t_interval"":48}",
   1272000,    101937,         0,6634.540,"[[8,6,2]]->[[36,30,2]]_inner",a4aadf305dbc9e235e1578d06ab5087d4d1b54cb2b7ca585f820960e11e2d9aa,"{""calibration"":""affine"",""d"":9,""l1_check_rate"":6,""level"":""inner"",""num_ticks"":51948,""outer_rounds"":11,""p"":0.001,""protocol"":""[[8,6,2]]->[[36,30,2]]"",""t_interval"":48}",
   1272000,       400,         0,6634.540,"[[8,6,2]]->[[36,30,2]]_outer",b7c4e12e6cc12b0b17f6acb252ae12c56404f0c7229b17cf5b1c67624d046362,"{""calibration"":""affine"",""d"":9,""l1_check_rate"":6,""level"":""outer"",""num_ticks"":51948,""outer_rounds"":11,""p"":0.001,""protocol"":""[[8,6,2]]->[[36,30,2]]"",""t_interval"":48}",
   2068000,    166526,         0,11160.840,"[[8,6,2]]->[[36,30,2]]_inner",d02cf10cb6ee0dc28298f278d6b6c0e599521e03a7800e433222b4c40a5aec2d,"{""calibration"":""affine"",""d"":9,""l1_check_rate"":8,""level"":""inner"",""num_ticks"":51948,""outer_rounds"":11,""p"":0.001,""protocol"":""[[8,6,2]]->[[36,30,2]]"",""t_interval"":48}",
   2068000,       400,         0,11160.840,"[[8,6,2]]->[[36,30,2]]_outer",61a643621a70fb84489d7a5b8a67505bd3b28d9081505ef9e4e4ac66aa18596f,"{""calibration"":""affine"",""d"":9,""l1_check_rate"":8,""level"":""outer"",""num_ticks"":51948,""outer_rounds"":11,""p"":0.001,""protocol"":""[[8,6,2]]->[[36,30,2]]"",""t_interval"":48}",
  40884000,    334908,         0,53926.202,"[[8,6,2]]->[[36,30,2]]_inner",007a79362bdab1d1dfc3147ca691220bb55460e74bb58ec38ae3ee30ab893656,"{""calibration"":""affine"",""d"":10,""l1_check_rate"":2,""level"":""inner"",""num_ticks"":14520,""outer_rounds"":11,""p"":0.001,""protocol"":""[[8,6,2]]->[[36,30,2]]"",""t_interval"":12}",
  40884000,        16,         0,53926.202,"[[8,6,2]]->[[36,30,2]]_outer",37bd88b1a96569127f10ce037823237a252bbbb750f27086cb7b37f4de3c4584,"{""calibration"":""affine"",""d"":10,""l1_check_rate"":2,""level"":""outer"",""num_ticks"":14520,""outer_rounds"":11,""p"":0.001,""protocol"":""[[8,6,2]]->[[36,30,2]]"",""t_interval"":12}",
 196236000,   1611637,         0,266257.586,"[[8,6,2]]->[[36,30,2]]_inner",73e43c3463742df0fc84d7e6d1579d318ca8b0a5d3a1057c94ec792be9785ce2,"{""calibration"":""affine"",""d"":10,""l1_check_rate"":4,""level"":""inner"",""num_ticks"":14520,""outer_rounds"":11,""p"":0.001,""protocol"":""[[8,6,2]]->[[36,30,2]]"",""t_interval"":12}",
 196235000,        13,         0,266256.846,"[[8,6,2]]->[[36,30,2]]_outer",8d7f56e6f9ff6f5da9006ca58e123289057e94c589e05c23d1c5c932c469de77,"{""calibration"":""affine"",""d"":10,""l1_check_rate"":4,""level"":""outer"",""num_ticks"":14520,""outer_rounds"":11,""p"":0.001,""protocol"":""[[8,6,2]]->[[36,30,2]]"",""t_interval"":12}",
  71436000,    586659,         0,90124.376,"[[8,6,2]]->[[36,30,2]]_inner",c3b9c8367569a54fd7b7a18f707ec6eb6addd1d81e27a9b2c5c066026602dae6,"{""calibration"":""affine"",""d"":10,""l1_check_rate"":6,""level"":""inner"",""num_ticks"":14520,""outer_rounds"":11,""p"":0.001,""protocol"":""[[8,6,2]]->[[36,30,2]]"",""t_interval"":12}",
  71436000,         4,         0,90124.376,"[[8,6,2]]->[[36,30,2]]_outer",6a2b22b2388a171959eaf4b76d1509f4a2a10c243d162117eb36c670addb43e2,"{""calibration"":""affine"",""d"":10,""l1_check_rate"":6,""level"":""outer"",""num_ticks"":14520,""outer_rounds"":11,""p"":0.001,""protocol"":""[[8,6,2]]->[[36,30,2]]"",""t_interval"":12}",
  44570000,    722277,         0,104415.700,"[[8,6,2]]->[[36,30,2]]_inner",8d07b6062511b97cf310d65bd5072e8e594dc89b76bc81c95e9223ebc3388abf,"{""calibration"":""affine"",""d"":10,""l1_check_rate"":2,""level"":""inner"",""num_ticks"":28920,""outer_rounds"":11,""p"":0.001,""protocol"":""[[8,6,2]]->[[36,30,2]]"",""t_interval"":24}",
  44570000,       200,         0,104415.700,"[[8,6,2]]->[[36,30,2]]_outer",684b500590e6c7add470e8420a8088806b6e8345b205c3d28d00e29899a77456,"{""calibration"":""affine"",""d"":10,""l1_check_rate"":2,""level"":""outer"",""num_ticks"":28920,""outer_rounds"":11,""p"":0.001,""protocol"":""[[8,6,2]]->[[36,30,2]]"",""t_interval"":24}",
  63008000,   1021044,         0,159009.050,"[[8,6,2]]->[[36,30,2]]_inner",2e9618eec57e9a3843a9996eba5254715f3c9cd2bb0f94b5e0f5d633bcc40e33,"{""calibration"":""affine"",""d"":10,""l1_check_rate"":4,""level"":""inner"",""num_ticks"":28920,""outer_rounds"":11,""p"":0.001,""protocol"":""[[8,6,2]]->[[36,30,2]]"",""t_interval"":24}",
  63008000,        84,         0,159009.050,"[[8,6,2]]->[[36,30,2]]_outer",8efb10dc588e859e32132df7f0effcbc26f0270b0772e649b33630b84209fe2d,"{""calibration"":""affine"",""d"":10,""l1_check_rate"":4,""level"":""outer"",""num_ticks"":28920,""outer_rounds"":11,""p"":0.001,""protocol"":""[[8,6,2]]->[[36,30,2]]"",""t_interval"":24}",
  34988000,    568261,         0,79178.680,"[[8,6,2]]->[[36,30,2]]_inner",6f23acedb59e6423474da1928d910d49f8357fd3f5988dbfa6f9b4f98ab4fee7,"{""calibration"":""affine"",""d"":10,""l1_check_rate"":6,""level"":""inner"",""num_ticks"":28920,""outer_rounds"":11,""p"":0.001,""protocol"":""[[8,6,2]]->[[36,30,2]]"",""t_interval"":24}",
  34988000,        19,         0,79178.680,"[[8,6,2]]->[[36,30,2]]_outer",51b6964a51473828ff13a5bc4c80a959a1634fac16ce5a2ea1d28f3145b75d5a,"{""calibration"":""affine"",""d"":10,""l1_check_rate"":6,""level"":""outer"",""num_ticks"":28920,""outer_rounds"":11,""p"":0.001,""protocol"":""[[8,6,2]]->[[36,30,2]]"",""t_interval"":24}",
 129607000,   2099611,         0,346406.940,"[[8,6,2]]->[[36,30,2]]_inner",c5f579fb2c056d7a72dffddac91af3b4d8cca14dbac67173ba51ccc8b1d444eb,"{""calibration"":""affine"",""d"":10,""l1_check_rate"":8,""level"":""inner"",""num_ticks"":28920,""outer_rounds"":11,""p"":0.001,""protocol"":""[[8,6,2]]->[[36,30,2]]"",""t_interval"":24}",
 129607000,        43,         0,346406.940,"[[8,6,2]]->[[36,30,2]]_outer",521d9464fe1067ece95ddbbe318c430ed108635c44f578d3a8c1f735de801a19,"{""calibration"":""affine"",""d"":10,""l1_check_rate"":8,""level"":""outer"",""num_ticks"":28920,""outer_rounds"":11,""p"":0.001,""protocol"":""[[8,6,2]]->[[36,30,2]]"",""t_interval"":24}",
   4147000,    131645,         0,22261.470,"[[8,6,2]]->[[36,30,2]]_inner",5b7c56de1068b7f3187dac28f927e2df5ed05e3e44ed90567d3e81cf57545a75,"{""calibration"":""affine"",""d"":10,""l1_check_rate"":2,""level"":""inner"",""num_ticks"":57720,""outer_rounds"":11,""p"":0.001,""protocol"":""[[8,6,2]]->[[36,30,2]]"",""t_interval"":48}",
   4147000,       249,         0,22261.470,"[[8,6,2]]->[[36,30,2]]_outer",4f0347d5de7bbc452e74afed985ad8574d7653f987b7e3f7ea9c773e46abbdd7,"{""calibration"":""affine"",""d"":10,""l1_check_rate"":2,""level"":""outer"",""num_ticks"":57720,""outer_rounds"":11,""p"":0.001,""protocol"":""[[8,6,2]]->[[36,30,2]]"",""t_interval"":48}",
   3990000,    126814,         0,19622.960,"[[8,6,2]]->[[36,30,2]]_inner",c7407a0524ac7536721db5931aa00321f88756a332a72451809510b06cae2e59,"{""calibration"":""affine"",""d"":10,""l1_check_rate"":4,""level"":""inner"",""num_ticks"":57720,""outer_rounds"":11,""p"":0.001,""protocol"":""[[8,6,2]]->[[36,30,2]]"",""t_interval"":48}",
   3990000,        84,         0,19622.960,"[[8,6,2]]->[[36,30,2]]_outer",16357f4dee181c0d15bd151d388d8e3f618549884446a293fa4a99bd3e9f0f6d,"{""calibration"":""affine"",""d"":10,""l1_check_rate"":4,""level"":""outer"",""num_ticks"":57720,""outer_rounds"":11,""p"":0.001,""protocol"":""[[8,6,2]]->[[36,30,2]]"",""t_interval"":48}",
   8535000,    272321,         0,50797.220,"[[8,6,2]]->[[36,30,2]]_inner",b39c68ccd32cea0e7b8edccd1e405fee86cc97fe4d29a4a8efa2b35fc1dfe826,"{""calibration"":""affine"",""d"":10,""l1_check_rate"":6,""level"":""inner"",""num_ticks"":57720,""outer_rounds"":11,""p"":0.001,""protocol"":""[[8,6,2]]->[[36,30,2]]"",""t_interval"":48}",
   8535000,        77,         0,50797.220,"[[8,6,2]]->[[36,30,2]]_outer",05ca1ceb3ff36bc777f17c0691d525d8464cef06bca2537679497ba6dd0a2a94,"{""calibration"":""affine"",""d"":10,""l1_check_rate"":6,""level"":""outer"",""num_ticks"":57720,""outer_rounds"":11,""p"":0.001,""protocol"":""[[8,6,2]]->[[36,30,2]]"",""t_interval"":48}",
   5397000,    172105,         0,32040.650,"[[8,6,2]]->[[36,30,2]]_inner",c0aac3f7836e1cf525e4d9a0026b2c88486dbca26b1c5a33e925a75fb3b0cf51,"{""calibration"":""affine"",""d"":10,""l1_check_rate"":8,""level"":""inner"",""num_ticks"":57720,""outer_rounds"":11,""p"":0.001,""protocol"":""[[8,6,2]]->[[36,30,2]]"",""t_interval"":48}",
   5397000,        32,         0,32040.650,"[[8,6,2]]->[[36,30,2]]_outer",dbfb36163d16c3caaec1cce8819c6c1b62be94ff818747bbebf7cf63785cbd8b,"{""calibration"":""affine"",""d"":10,""l1_check_rate"":8,""level"":""outer"",""num_ticks"":57720,""outer_rounds"":11,""p"":0.001,""protocol"":""[[8,6,2]]->[[36,30,2]]"",""t_interval"":48}",
  84692000,    522431,         0,83267.616,"[[8,6,2]]->[[36,30,2]]_inner",11d580778f6c75b993addea051111b7f283c9ab1a3a2282dab04c2d1f5e89dfa,"{""calibration"":""piecewise"",""d"":11,""l1_check_rate"":2,""level"":""inner"",""num_ticks"":31812,""outer_rounds"":11,""p"":0.001,""protocol"":""[[8,6,2]]->[[36,30,2]]"",""t_interval"":24}",
  84692000,        16,         0,83267.616,"[[8,6,2]]->[[36,30,2]]_outer",e0f398dd952276c1929286801914eb6c24d011b17a0270ee28f561d0b5088e31,"{""calibration"":""piecewise"",""d"":11,""l1_check_rate"":2,""level"":""outer"",""num_ticks"":31812,""outer_rounds"":11,""p"":0.001,""protocol"":""[[8,6,2]]->[[36,30,2]]"",""t_interval"":24}",
  65686000,    404720,         0,60410.192,"[[8,6,2]]->[[36,30,2]]_inner",aba873285262afcbc514d2df23970b273c8f5b9c8add4b356e946d8475016ab6,"{""calibration"":""piecewise"",""d"":11,""l1_check_rate"":4,""level"":""inner"",""num_ticks"":31812,""outer_rounds"":11,""p"":0.001,""protocol"":""[[8,6,2]]->[[36,30,2]]"",""t_interval"":24}",
  65686000,         5,         0,60410.192,"[[8,6,2]]->[[36,30,2]]_outer",5f8f95ed7acd1d5cef77e05f6d892c5761bb555b8762c94c31f86b62256ec51a,"{""calibration"":""piecewise"",""d"":11,""l1_check_rate"":4,""level"":""outer"",""num_ticks"":31812,""outer_rounds"":11,""p"":0.001,""protocol"":""[[8,6,2]]->[[36,30,2]]"",""t_interval"":24}",
 144364000,    890672,         0,129462.870,"[[8,6,2]]->[[36,30,2]]_inner",0fdba3810ff29fb2a771a8b1bbedd6fb09e2692aa025839c7a2ea2841c819f17,"{""calibration"":""piecewise"",""d"":11,""l1_check_rate"":6,""level"":""inner"",""num_ticks"":31812,""outer_rounds"":11,""p"":0.001,""protocol"":""[[8,6,2]]->[[36,30,2]]"",""t_interval"":24}",
 144363000,         5,         0,129461.730,"[[8,6,2]]->[[36,30,2]]_outer",4e50fafa9483a36c3a9c40dbeef688bd524c7aae8415b404fa7204bf9fc7ca9f,"{""calibration"":""piecewise"",""d"":11,""l1_check_rate"":6,""level"":""outer"",""num_ticks"":31812,""outer_rounds"":11,""p"":0.001,""protocol"":""[[8,6,2]]->[[36,30,2]]"",""t_interval"":24}",
  18074000,    221395,         0,32922.266,"[[8,6,2]]->[[36,30,2]]_inner",31eb3870644a7fe53e42841e668367e1bf8059d48a742a44ee7495aaf7a55230,"{""calibration"":""piecewise"",""d"":11,""l1_check_rate"":2,""level"":""inner"",""num_ticks"":63492,""outer_rounds"":11,""p"":0.001,""protocol"":""[[8,6,2]]->[[36,30,2]]"",""t_interval"":48}",
  18074000,        41,         0,32922.266,"[[8,6,2]]->[[36,30,2]]_outer",33155c74a74fbff7b20d1127418db3e89d43d3da6b779bfc32bb6f42d0ea8e08,"{""calibration"":""piecewise"",""d"":11,""l1_check_rate"":2,""level"":""outer"",""num_ticks"":63492,""outer_rounds"":11,""p"":0.001,""protocol"":""[[8,6,2]]->[[36,30,2]]"",""t_interval"":48}",
  33053000,    403518,         0,55819.496,"[[8,6,2]]->[[36,30,2]]_inner",995a5c0439711061d83aeb53b2b4c305b069ae9ffbb2c3be62db183b3a16416e,"{""calibration"":""piecewise"",""d"":11,""l1_check_rate"":4,""level"":""inner"",""num_ticks"":63492,""outer_rounds"":11,""p"":0.001,""protocol"":""[[8,6,2]]->[[36,30,2]]"",""t_interval"":48}",
  33053000,        17,         0,55819.496,"[[8,6,2]]->[[36,30,2]]_outer",ea68a932d311139d9ba1c92008f542dfb66690289d215c87717f8a79b3765ede,"{""calibration"":""piecewise"",""d"":11,""l1_check_rate"":4,""level"":""outer"",""num_ticks"":63492,""outer_rounds"":11,""p"":0.001,""protocol"":""[[8,6,2]]->[[36,30,2]]"",""t_interval"":48}",
 103617000,   1266933,         0,168577.798,"[[8,6,2]]->[[36,30,2]]_inner",80188bb6ff2ca040dabc49a7afceea24417f4b2e5e8a24924b69cb37e534346f,"{""calibration"":""piecewise"",""d"":11,""l1_check_rate"":6,""level"":""inner"",""num_ticks"":63492,""outer_rounds"":11,""p"":0.001,""protocol"":""[[8,6,2]]->[[36,30,2]]"",""t_interval"":48}",
 103617000,        36,         0,168577.798,"[[8,6,2]]->[[36,30,2]]_outer",534d1ce81f6e6d07ee86957ece8750a67220e99a5ac97c0e0df9eaaa948f3ff0,"{""calibration"":""piecewise"",""d"":11,""l1_check_rate"":6,""level"":""outer"",""num_ticks"":63492,""outer_rounds"":11,""p"":0.001,""protocol"":""[[8,6,2]]->[[36,30,2]]"",""t_interval"":48}",
 110374000,   1348835,         0,175303.141,"[[8,6,2]]->[[36,30,2]]_inner",cbcba2bf6b8995fe701c6d6ebe3013faaf28ce7891f2072ff14e8d4f9c548d0b,"{""calibration"":""piecewise"",""d"":11,""l1_check_rate"":8,""level"":""inner"",""num_ticks"":63492,""outer_rounds"":11,""p"":0.001,""protocol"":""[[8,6,2]]->[[36,30,2]]"",""t_interval"":48}",
 110374000,        18,         0,175303.141,"[[8,6,2]]->[[36,30,2]]_outer",d0e6925d9fc79b7caff9f65f47b48876118f4a94656f463a67cc676b75b1e446,"{""calibration"":""piecewise"",""d"":11,""l1_check_rate"":8,""level"":""outer"",""num_ticks"":63492,""outer_rounds"":11,""p"":0.001,""protocol"":""[[8,6,2]]->[[36,30,2]]"",""t_interval"":48}",
