gap_lo,gap_hi,count
-11.8,-11.7,1
-11.6,-11.5,2
-11.5,-11.4,2
-11.4,-11.3,1
-11.3,-11.2,1
-11.1,-11,1
-10.4,-10.3,2
-10.3,-10.2,1
-10.2,-10.1,1
-10.1,-10,1
-10,-9.9,2
-9.9,-9.8,1
-9.8,-9.7,1
-9.6,-9.5,1
-9.5,-9.4,1
-9.4,-9.3,1
-9.3,-9.2,1
-9.2,-9.1,3
-9.1,-9,2
-9,-8.9,2
-8.9,-8.8,4
-8.8,-8.7,1
-8.7,-8.6,3
-8.6,-8.5,3
-8.5,-8.4,7
-8.4,-8.3,1
-8.3,-8.2,4
-8.2,-8.1,3
-8.1,-8,6
-8,-7.9,2
-7.9,-7.8,5
-7.8,-7.7,6
-7.7,-7.6,13
-7.6,-7.5,6
-7.5,-7.4,10
-7.4,-7.3,7
-7.3,-7.2,8
-7.2,-7.1,8
-7.1,-7,26
-7,-6.9,10
-6.9,-6.8,9
-6.8,-6.7,11
-6.7,-6.6,22
-6.6,-6.5,15
-6.5,-6.4,19
-6.4,-6.3,17
-6.3,-6.2,18
-6.2,-6.1,22
-6.1,-6,26
-6,-5.9,15
-5.9,-5.8,37
-5.8,-5.7,22
-5.7,-5.6,39
-5.6,-5.5,21
-5.5,-5.4,37
-5.4,-5.3,30
-5.3,-5.2,53
-5.2,-5.1,34
-5.1,-5,39
-5,-4.9,40
-4.9,-4.8,59
-4.8,-4.7,29
-4.7,-4.6,44
-4.6,-4.5,50
-4.5,-4.4,63
-4.4,-4.3,70
-4.3,-4.2,62
-4.2,-4.1,60
-4.1,-4,84
-4,-3.9,101
-3.9,-3.8,64
-3.8,-3.7,115
-3.7,-3.6,83
-3.6,-3.5,116
-3.5,-3.4,123
-3.4,-3.3,96
-3.3,-3.2,117
-3.2,-3.1,109
-3.1,-3,142
-3,-2.9,132
-2.9,-2.8,138
-2.8,-2.7,152
-2.7,-2.6,142
-2.6,-2.5,177
-2.5,-2.4,174
-2.4,-2.3,220
-2.3,-2.2,206
-2.2,-2.1,206
-2.1,-2,172
-2,-1.9,222
-1.9,-1.8,248
-1.8,-1.7,284
-1.7,-1.6,218
-1.6,-1.5,364
-1.5,-1.4,283
-1.4,-1.3,351
-1.3,-1.2,273
-1.2,-1.1,397
-1.1,-1,324
-1,-0.9,439
-0.9,-0.8,407
-0.8,-0.7,430
-0.7,-0.6,455
-0.6,-0.5,501
-0.5,-0.4,527
-0.4,-0.3,526
-0.3,-0.2,559
-0.2,-0.1,641
-0.1,0,608
0,0.1,667
0.1,0.2,750
0.2,0.3,746
0.3,0.4,672
0.4,0.5,768
0.5,0.6,848
0.6,0.7,932
0.7,0.8,971
0.8,0.9,1059
0.9,1,1007
1,1.1,1008
1.1,1.2,1074
1.2,1.3,984
1.3,1.4,1237
1.4,1.5,1127
1.5,1.6,1907
1.6,1.7,1259
1.7,1.8,1713
1.8,1.9,1396
1.9,2,2039
2,2.1,1431
2.1,2.2,2290
2.2,2.3,2136
2.3,2.4,2409
2.4,2.5,1855
2.5,2.6,2719
2.6,2.7,2227
2.7,2.8,2211
2.8,2.9,2699
2.9,3,2651
3,3.1,3156
3.1,3.2,2392
3.2,3.3,2683
3.3,3.4,3173
3.4,3.5,5210
3.5,3.6,3651
3.6,3.7,4145
3.7,3.8,5332
3.8,3.9,3002
3.9,4,5640
4,4.1,4076
4.1,4.2,4840
4.2,4.3,4045
4.3,4.4,5251
4.4,4.5,6621
4.5,4.6,6058
4.6,4.7,5759
4.7,4.8,6063
4.8,4.9,8250
4.9,5,6430
5,5.1,6323
5.1,5.2,5689
5.2,5.3,10045
5.3,5.4,6551
5.4,5.5,11163
5.5,5.6,6357
5.6,5.7,9892
5.7,5.8,8296
5.8,5.9,11901
5.9,6,8407
6,6.1,8051
6.1,6.2,10008
6.2,6.3,8645
6.3,6.4,9234
6.4,6.5,10423
6.5,6.6,10124
6.6,6.7,14273
6.7,6.8,10054
6.8,6.9,12748
6.9,7,10933
7,7.1,16774
7.1,7.2,12284
7.2,7.3,15824
7.3,7.4,10812
7.4,7.5,15988
7.5,7.6,11294
7.6,7.7,19462
7.7,7.8,12745
7.8,7.9,15564
7.9,8,12761
8,8.1,16030
8.1,8.2,16160
8.2,8.3,12977
8.3,8.4,16012
8.4,8.5,17905
8.5,8.6,17053
8.6,8.7,14939
8.7,8.8,19929
8.8,8.9,21537
8.9,9,16674
9,9.1,17570
9.1,9.2,20102
9.2,9.3,21083
9.3,9.4,16728
9.4,9.5,22586
9.5,9.6,23603
9.6,9.7,21704
9.7,9.8,19544
9.8,9.9,26339
9.9,10,22357
10,10.1,22542
10.1,10.2,28897
10.2,10.3,21957
10.3,10.4,21476
10.4,10.5,17606
10.5,10.6,24490
10.6,10.7,18611
10.7,10.8,22264
10.8,10.9,21175
10.9,11,20324
11,11.1,21152
11.1,11.2,15615
11.2,11.3,26467
11.3,11.4,16386
11.4,11.5,23177
11.5,11.6,21540
11.6,11.7,17654
11.7,11.8,21344
11.8,11.9,16862
11.9,12,16346
12,12.1,14267
12.1,12.2,15982
12.2,12.3,14522
12.3,12.4,22307
12.4,12.5,15667
12.5,12.6,23725
12.6,12.7,24138
12.7,12.8,23673
12.8,12.9,10962
12.9,13,33011
13,13.1,11531
13.1,13.2,16370
13.2,13.3,12567
13.3,13.4,9884
13.4,13.5,9164
13.5,13.6,15544
13.6,13.7,11043
13.7,13.8,9044
13.8,13.9,16659
13.9,14,9082
14,14.1,27701
14.1,14.2,8336
14.2,14.3,11368
14.3,14.4,4931
14.4,14.5,11582
14.5,14.6,7511
14.6,14.7,14098
14.7,14.8,5539
14.8,14.9,13944
14.9,15,4122
15,15.1,3941
15.1,15.2,1940
15.2,15.3,2366
15.3,15.4,2985
15.4,15.5,1292
15.5,15.6,2429
15.6,15.7,727
15.7,15.8,1387
15.8,15.9,1628
15.9,16,1366
16,16.1,1610
16.1,16.2,461
16.2,16.3,1124
16.3,16.4,323
16.4,16.5,1198
16.5,16.6,246
16.6,16.7,466
16.7,16.8,128
16.8,16.9,325
16.9,17,380
17,17.1,191
17.1,17.2,151
17.2,17.3,266
17.3,17.4,337
17.4,17.5,124
17.5,17.6,181
17.6,17.7,157
17.7,17.8,186
17.8,17.9,34
17.9,18,97
18,18.1,22
18.1,18.2,79
18.2,18.3,21
18.3,18.4,57
18.4,18.5,17
18.5,18.6,29
18.6,18.7,102
18.7,18.8,28
18.8,18.9,54
18.9,19,23
19,19.1,41
19.1,19.2,28
19.2,19.3,13
19.3,19.4,23
19.4,19.5,12
19.5,19.6,19
19.6,19.7,5
19.7,19.8,7
19.8,19.9,6
19.9,20,14
20,20.1,7
20.1,20.2,14
20.2,20.3,7
20.3,20.4,3
20.4,20.5,1
20.5,20.6,3
20.6,20.7,1
20.7,20.8,1
